Query_ID,N_Value,M_Value,Baseline_Grover_Iterations,Adaptive_Stopping_Iteration,Iteration_Savings,Iteration_Savings_Percent,Final_Success_Probability,Confidence_Threshold
Q0001,500,50,2,2,0,0.0,0.9986,0.9
Q0002,500,50,2,2,0,0.0,0.9986,0.9
Q0003,500,50,2,2,0,0.0,0.9986,0.9
Q0004,500,50,2,2,0,0.0,0.9986,0.9
Q0005,500,33,3,2,1,33.33,0.928,0.9
Q0006,500,40,2,2,0,0.0,0.9813,0.9
Q0007,500,27,3,3,0,0.0,0.995,0.9
Q0008,500,33,3,2,1,33.33,0.928,0.9
Q0009,500,27,3,3,0,0.0,0.995,0.9
Q0010,500,37,2,2,0,0.0,0.9631,0.9
Q0011,500,22,3,3,0,0.0,0.9917,0.9
Q0012,500,23,3,3,0,0.0,0.9967,0.9
Q0013,500,10,5,4,1,20.0,0.9162,0.9
Q0014,500,16,4,3,1,25.0,0.9059,0.9
Q0015,500,13,4,4,0,0.0,0.9872,0.9
Q0016,500,12,5,4,1,20.0,0.9711,0.9
Q0017,500,11,5,4,1,20.0,0.9476,0.9
Q0018,500,9,5,5,0,0.0,0.9918,0.9
Q0019,500,20,3,3,0,0.0,0.9742,0.9
Q0020,500,33,3,2,1,33.33,0.928,0.9
Q0021,500,24,3,3,0,0.0,0.9994,0.9
Q0022,500,19,4,3,1,25.0,0.9615,0.9
Q0023,500,8,6,5,1,16.67,0.9695,0.9
Q0024,500,10,5,4,1,20.0,0.9162,0.9
Q0025,500,9,5,5,0,0.0,0.9918,0.9
Q0026,500,17,4,3,1,25.0,0.9275,0.9
Q0027,500,10,5,4,1,20.0,0.9162,0.9
Q0028,500,29,3,3,0,0.0,0.9827,0.9
Q0029,500,5,7,6,1,14.29,0.9296,0.9
Q0030,500,3,10,8,2,20.0,0.9375,0.9
Q0031,500,50,2,2,0,0.0,0.9986,0.9
Q0032,500,50,2,2,0,0.0,0.9986,0.9
Q0033,500,50,2,2,0,0.0,0.9986,0.9
Q0034,500,50,2,2,0,0.0,0.9986,0.9
Q0035,500,37,2,2,0,0.0,0.9631,0.9
Q0036,500,29,3,3,0,0.0,0.9827,0.9
Q0037,500,32,3,2,1,33.33,0.9171,0.9
Q0038,500,50,2,2,0,0.0,0.9986,0.9
Q0039,500,42,2,2,0,0.0,0.9899,0.9
Q0040,500,50,2,2,0,0.0,0.9986,0.9
Q0041,500,18,4,3,1,25.0,0.946,0.9
Q0042,500,25,3,3,0,0.0,0.9999,0.9
Q0043,500,13,4,4,0,0.0,0.9872,0.9
Q0044,500,19,4,3,1,25.0,0.9615,0.9
Q0045,500,15,4,4,0,0.0,1.0,0.9
Q0046,500,16,4,3,1,25.0,0.9059,0.9
Q0047,500,10,5,4,1,20.0,0.9162,0.9
Q0048,500,14,4,4,0,0.0,0.9967,0.9
Q0049,500,1,17,14,3,17.65,0.9271,0.9
Q0050,500,4,8,7,1,12.5,0.9492,0.9
Q0051,500,2,12,10,2,16.67,0.9427,0.9
Q0052,500,2,12,10,2,16.67,0.9427,0.9
Q0053,500,1,17,14,3,17.65,0.9271,0.9
Q0054,500,1,17,14,3,17.65,0.9271,0.9
Q0055,500,1,17,14,3,17.65,0.9271,0.9
Q0056,500,1,17,14,3,17.65,0.9271,0.9
Q0057,500,1,17,14,3,17.65,0.9271,0.9
Q0058,500,1,17,14,3,17.65,0.9271,0.9
Q0059,500,1,17,14,3,17.65,0.9271,0.9
Q0060,500,1,17,14,3,17.65,0.9271,0.9
Q0061,500,7,6,5,1,16.67,0.9308,0.9
Q0062,500,17,4,3,1,25.0,0.9275,0.9
Q0063,500,9,5,5,0,0.0,0.9918,0.9
Q0064,500,8,6,5,1,16.67,0.9695,0.9
Q0065,500,2,12,10,2,16.67,0.9427,0.9
Q0066,500,2,12,10,2,16.67,0.9427,0.9
Q0067,500,3,10,8,2,20.0,0.9375,0.9
Q0068,500,16,4,3,1,25.0,0.9059,0.9
Q0069,500,4,8,7,1,12.5,0.9492,0.9
Q0070,500,4,8,7,1,12.5,0.9492,0.9
Q0071,500,1,17,14,3,17.65,0.9271,0.9
Q0072,500,1,17,14,3,17.65,0.9271,0.9
Q0073,500,12,5,4,1,20.0,0.9711,0.9
Q0074,500,19,4,3,1,25.0,0.9615,0.9
Q0075,500,19,4,3,1,25.0,0.9615,0.9
Q0076,500,13,4,4,0,0.0,0.9872,0.9
Q0077,500,7,6,5,1,16.67,0.9308,0.9
Q0078,500,7,6,5,1,16.67,0.9308,0.9
Q0079,500,4,8,7,1,12.5,0.9492,0.9
Q0080,500,20,3,3,0,0.0,0.9742,0.9
Q0081,500,11,5,4,1,20.0,0.9476,0.9
Q0082,500,10,5,4,1,20.0,0.9162,0.9
Q0083,500,2,12,10,2,16.67,0.9427,0.9
Q0084,500,3,10,8,2,20.0,0.9375,0.9
Q0085,500,7,6,5,1,16.67,0.9308,0.9
Q0086,500,8,6,5,1,16.67,0.9695,0.9
Q0087,500,6,7,6,1,14.29,0.9794,0.9
Q0088,500,9,5,5,0,0.0,0.9918,0.9
Q0089,500,4,8,7,1,12.5,0.9492,0.9
Q0090,500,5,7,6,1,14.29,0.9296,0.9
Q0091,500,5,7,6,1,14.29,0.9296,0.9
Q0092,500,9,5,5,0,0.0,0.9918,0.9
Q0093,500,8,6,5,1,16.67,0.9695,0.9
Q0094,500,3,10,8,2,20.0,0.9375,0.9
Q0095,500,4,8,7,1,12.5,0.9492,0.9
Q0096,500,8,6,5,1,16.67,0.9695,0.9
Q0097,500,3,10,8,2,20.0,0.9375,0.9
Q0098,500,8,6,5,1,16.67,0.9695,0.9
Q0099,500,11,5,4,1,20.0,0.9476,0.9
Q0100,500,4,8,7,1,12.5,0.9492,0.9
Q0101,500,2,12,10,2,16.67,0.9427,0.9
Q0102,500,4,8,7,1,12.5,0.9492,0.9
Q0103,500,22,3,3,0,0.0,0.9917,0.9
Q0104,500,43,2,2,0,0.0,0.9932,0.9
Q0105,500,34,3,2,1,33.33,0.938,0.9
Q0106,500,48,2,2,0,0.0,1.0,0.9
Q0107,500,15,4,4,0,0.0,1.0,0.9
Q0108,500,23,3,3,0,0.0,0.9967,0.9
Q0109,500,7,6,5,1,16.67,0.9308,0.9
Q0110,500,11,5,4,1,20.0,0.9476,0.9
Q0111,500,10,5,4,1,20.0,0.9162,0.9
Q0112,500,10,5,4,1,20.0,0.9162,0.9
Q0113,500,6,7,6,1,14.29,0.9794,0.9
Q0114,500,4,8,7,1,12.5,0.9492,0.9
Q0115,500,3,10,8,2,20.0,0.9375,0.9
Q0116,500,10,5,4,1,20.0,0.9162,0.9
Q0117,500,4,8,7,1,12.5,0.9492,0.9
Q0118,500,11,5,4,1,20.0,0.9476,0.9
Q0119,500,2,12,10,2,16.67,0.9427,0.9
Q0120,500,3,10,8,2,20.0,0.9375,0.9
Q0121,500,1,17,14,3,17.65,0.9271,0.9
Q0122,500,29,3,3,0,0.0,0.9827,0.9
Q0123,500,1,17,14,3,17.65,0.9271,0.9
Q0124,500,13,4,4,0,0.0,0.9872,0.9
Q0125,500,1,17,14,3,17.65,0.9271,0.9
Q0126,500,1,17,14,3,17.65,0.9271,0.9
Q0127,500,45,2,2,0,0.0,0.9978,0.9
Q0128,500,50,2,2,0,0.0,0.9986,0.9
Q0129,500,50,2,2,0,0.0,0.9986,0.9
Q0130,500,50,2,2,0,0.0,0.9986,0.9
Q0131,500,14,4,4,0,0.0,0.9967,0.9
Q0132,500,16,4,3,1,25.0,0.9059,0.9
Q0133,500,6,7,6,1,14.29,0.9794,0.9
Q0134,500,33,3,2,1,33.33,0.928,0.9
Q0135,500,13,4,4,0,0.0,0.9872,0.9
Q0136,500,34,3,2,1,33.33,0.938,0.9
Q0137,500,4,8,7,1,12.5,0.9492,0.9
Q0138,500,9,5,5,0,0.0,0.9918,0.9
Q0139,500,4,8,7,1,12.5,0.9492,0.9
Q0140,500,10,5,4,1,20.0,0.9162,0.9
Q0141,500,6,7,6,1,14.29,0.9794,0.9
Q0142,500,9,5,5,0,0.0,0.9918,0.9
Q0143,500,3,10,8,2,20.0,0.9375,0.9
Q0144,500,3,10,8,2,20.0,0.9375,0.9
Q0145,500,16,4,3,1,25.0,0.9059,0.9
Q0146,500,50,2,2,0,0.0,0.9986,0.9
Q0147,500,32,3,2,1,33.33,0.9171,0.9
Q0148,500,41,2,2,0,0.0,0.986,0.9
Q0149,500,8,6,5,1,16.67,0.9695,0.9
Q0150,500,13,4,4,0,0.0,0.9872,0.9
Q0151,500,1,17,14,3,17.65,0.9271,0.9
Q0152,500,3,10,8,2,20.0,0.9375,0.9
Q0153,500,4,8,7,1,12.5,0.9492,0.9
Q0154,500,1,17,14,3,17.65,0.9271,0.9
Q0155,500,3,10,8,2,20.0,0.9375,0.9
Q0156,500,3,10,8,2,20.0,0.9375,0.9
Q0157,500,5,7,6,1,14.29,0.9296,0.9
Q0158,500,9,5,5,0,0.0,0.9918,0.9
Q0159,500,7,6,5,1,16.67,0.9308,0.9
Q0160,500,9,5,5,0,0.0,0.9918,0.9
Q0161,500,2,12,10,2,16.67,0.9427,0.9
Q0162,500,4,8,7,1,12.5,0.9492,0.9
Q0163,500,6,7,6,1,14.29,0.9794,0.9
Q0164,500,9,5,5,0,0.0,0.9918,0.9
Q0165,500,6,7,6,1,14.29,0.9794,0.9
Q0166,500,6,7,6,1,14.29,0.9794,0.9
Q0167,500,3,10,8,2,20.0,0.9375,0.9
Q0168,500,4,8,7,1,12.5,0.9492,0.9
Q0169,500,16,4,3,1,25.0,0.9059,0.9
Q0170,500,50,2,2,0,0.0,0.9986,0.9
Q0171,500,31,3,2,1,33.33,0.9054,0.9
Q0172,500,7,6,5,1,16.67,0.9308,0.9
Q0173,500,10,5,4,1,20.0,0.9162,0.9
Q0174,500,14,4,4,0,0.0,0.9967,0.9
Q0175,500,16,4,3,1,25.0,0.9059,0.9
Q0176,500,50,2,2,0,0.0,0.9986,0.9
Q0177,500,43,2,2,0,0.0,0.9932,0.9
Q0178,500,50,2,2,0,0.0,0.9986,0.9
Q0179,500,11,5,4,1,20.0,0.9476,0.9
Q0180,500,22,3,3,0,0.0,0.9917,0.9
Q0181,500,50,2,2,0,0.0,0.9986,0.9
Q0182,500,50,2,2,0,0.0,0.9986,0.9
Q0183,500,50,2,2,0,0.0,0.9986,0.9
Q0184,500,50,2,2,0,0.0,0.9986,0.9
Q0185,500,50,2,2,0,0.0,0.9986,0.9
Q0186,500,47,2,2,0,0.0,0.9998,0.9
Q0187,500,42,2,2,0,0.0,0.9899,0.9
Q0188,500,50,2,2,0,0.0,0.9986,0.9
Q0189,500,50,2,2,0,0.0,0.9986,0.9
Q0190,500,50,2,2,0,0.0,0.9986,0.9
Q0191,500,29,3,3,0,0.0,0.9827,0.9
Q0192,500,27,3,3,0,0.0,0.995,0.9
Q0193,500,10,5,4,1,20.0,0.9162,0.9
Q0194,500,34,3,2,1,33.33,0.938,0.9
Q0195,500,7,6,5,1,16.67,0.9308,0.9
Q0196,500,14,4,4,0,0.0,0.9967,0.9
Q0197,500,1,17,14,3,17.65,0.9271,0.9
Q0198,500,2,12,10,2,16.67,0.9427,0.9
Q0199,500,1,17,14,3,17.65,0.9271,0.9
Q0200,500,3,10,8,2,20.0,0.9375,0.9
Q0201,500,1,17,14,3,17.65,0.9271,0.9
Q0202,500,3,10,8,2,20.0,0.9375,0.9
Q0203,500,1,17,14,3,17.65,0.9271,0.9
Q0204,500,1,17,14,3,17.65,0.9271,0.9
Q0205,500,1,17,14,3,17.65,0.9271,0.9
Q0206,500,1,17,14,3,17.65,0.9271,0.9
Q0207,500,1,17,14,3,17.65,0.9271,0.9
Q0208,500,2,12,10,2,16.67,0.9427,0.9
Q0209,500,1,17,14,3,17.65,0.9271,0.9
Q0210,500,1,17,14,3,17.65,0.9271,0.9
Q0211,500,1,17,14,3,17.65,0.9271,0.9
Q0212,500,1,17,14,3,17.65,0.9271,0.9
Q0213,500,1,17,14,3,17.65,0.9271,0.9
Q0214,500,2,12,10,2,16.67,0.9427,0.9
Q0215,500,1,17,14,3,17.65,0.9271,0.9
Q0216,500,1,17,14,3,17.65,0.9271,0.9
Q0217,500,1,17,14,3,17.65,0.9271,0.9
Q0218,500,5,7,6,1,14.29,0.9296,0.9
Q0219,500,3,10,8,2,20.0,0.9375,0.9
Q0220,500,3,10,8,2,20.0,0.9375,0.9
Q0221,500,1,17,14,3,17.65,0.9271,0.9
Q0222,500,1,17,14,3,17.65,0.9271,0.9
Q0223,500,1,17,14,3,17.65,0.9271,0.9
Q0224,500,2,12,10,2,16.67,0.9427,0.9
Q0225,500,1,17,14,3,17.65,0.9271,0.9
Q0226,500,2,12,10,2,16.67,0.9427,0.9
Q0227,500,1,17,14,3,17.65,0.9271,0.9
Q0228,500,1,17,14,3,17.65,0.9271,0.9
Q0229,500,1,17,14,3,17.65,0.9271,0.9
Q0230,500,1,17,14,3,17.65,0.9271,0.9
Q0231,500,1,17,14,3,17.65,0.9271,0.9
Q0232,500,1,17,14,3,17.65,0.9271,0.9
Q0233,500,1,17,14,3,17.65,0.9271,0.9
Q0234,500,1,17,14,3,17.65,0.9271,0.9
Q0235,500,1,17,14,3,17.65,0.9271,0.9
Q0236,500,1,17,14,3,17.65,0.9271,0.9
Q0237,500,1,17,14,3,17.65,0.9271,0.9
Q0238,500,1,17,14,3,17.65,0.9271,0.9
Q0239,500,1,17,14,3,17.65,0.9271,0.9
Q0240,500,1,17,14,3,17.65,0.9271,0.9
Q0241,500,2,12,10,2,16.67,0.9427,0.9
Q0242,500,16,4,3,1,25.0,0.9059,0.9
Q0243,500,8,6,5,1,16.67,0.9695,0.9
Q0244,500,3,10,8,2,20.0,0.9375,0.9
Q0245,500,4,8,7,1,12.5,0.9492,0.9
Q0246,500,1,17,14,3,17.65,0.9271,0.9
Q0247,500,9,5,5,0,0.0,0.9918,0.9
Q0248,500,50,2,2,0,0.0,0.9986,0.9
Q0249,500,13,4,4,0,0.0,0.9872,0.9
Q0250,500,10,5,4,1,20.0,0.9162,0.9
Q0251,500,1,17,14,3,17.65,0.9271,0.9
Q0252,500,1,17,14,3,17.65,0.9271,0.9
Q0253,500,46,2,2,0,0.0,0.9991,0.9
Q0254,500,50,2,2,0,0.0,0.9986,0.9
Q0255,500,50,2,2,0,0.0,0.9986,0.9
Q0256,500,50,2,2,0,0.0,0.9986,0.9
Q0257,500,16,4,3,1,25.0,0.9059,0.9
Q0258,500,29,3,3,0,0.0,0.9827,0.9
Q0259,500,1,17,14,3,17.65,0.9271,0.9
Q0260,500,1,17,14,3,17.65,0.9271,0.9
Q0261,500,1,17,14,3,17.65,0.9271,0.9
Q0262,500,1,17,14,3,17.65,0.9271,0.9
Q0263,500,1,17,14,3,17.65,0.9271,0.9
Q0264,500,1,17,14,3,17.65,0.9271,0.9
Q0265,500,1,17,14,3,17.65,0.9271,0.9
Q0266,500,8,6,5,1,16.67,0.9695,0.9
Q0267,500,1,17,14,3,17.65,0.9271,0.9
Q0268,500,2,12,10,2,16.67,0.9427,0.9
Q0269,500,1,17,14,3,17.65,0.9271,0.9
Q0270,500,1,17,14,3,17.65,0.9271,0.9
Q0271,500,2,12,10,2,16.67,0.9427,0.9
Q0272,500,18,4,3,1,25.0,0.946,0.9
Q0273,500,1,17,14,3,17.65,0.9271,0.9
Q0274,500,11,5,4,1,20.0,0.9476,0.9
Q0275,500,1,17,14,3,17.65,0.9271,0.9
Q0276,500,1,17,14,3,17.65,0.9271,0.9
Q0277,500,2,12,10,2,16.67,0.9427,0.9
Q0278,500,25,3,3,0,0.0,0.9999,0.9
Q0279,500,5,7,6,1,14.29,0.9296,0.9
Q0280,500,2,12,10,2,16.67,0.9427,0.9
Q0281,500,2,12,10,2,16.67,0.9427,0.9
Q0282,500,2,12,10,2,16.67,0.9427,0.9
Q0283,500,15,4,4,0,0.0,1.0,0.9
Q0284,500,42,2,2,0,0.0,0.9899,0.9
Q0285,500,26,3,3,0,0.0,0.9984,0.9
Q0286,500,21,3,3,0,0.0,0.9842,0.9
Q0287,500,22,3,3,0,0.0,0.9917,0.9
Q0288,500,23,3,3,0,0.0,0.9967,0.9
Q0289,500,18,4,3,1,25.0,0.946,0.9
Q0290,500,50,2,2,0,0.0,0.9986,0.9
Q0291,500,41,2,2,0,0.0,0.986,0.9
Q0292,500,28,3,3,0,0.0,0.9897,0.9
Q0293,500,30,3,3,0,0.0,0.9742,0.9
Q0294,500,39,2,2,0,0.0,0.976,0.9
Q0295,500,8,6,5,1,16.67,0.9695,0.9
Q0296,500,22,3,3,0,0.0,0.9917,0.9
Q0297,500,12,5,4,1,20.0,0.9711,0.9
Q0298,500,16,4,3,1,25.0,0.9059,0.9
Q0299,500,6,7,6,1,14.29,0.9794,0.9
Q0300,500,8,6,5,1,16.67,0.9695,0.9
Q0301,500,29,3,3,0,0.0,0.9827,0.9
Q0302,500,28,3,3,0,0.0,0.9897,0.9
Q0303,500,27,3,3,0,0.0,0.995,0.9
Q0304,500,24,3,3,0,0.0,0.9994,0.9
Q0305,500,29,3,3,0,0.0,0.9827,0.9
Q0306,500,4,8,7,1,12.5,0.9492,0.9
Q0307,500,4,8,7,1,12.5,0.9492,0.9
Q0308,500,5,7,6,1,14.29,0.9296,0.9
Q0309,500,3,10,8,2,20.0,0.9375,0.9
Q0310,500,50,2,2,0,0.0,0.9986,0.9
Q0311,500,50,2,2,0,0.0,0.9986,0.9
Q0312,500,50,2,2,0,0.0,0.9986,0.9
Q0313,500,50,2,2,0,0.0,0.9986,0.9
Q0314,500,50,2,2,0,0.0,0.9986,0.9
Q0315,500,50,2,2,0,0.0,0.9986,0.9
Q0316,500,43,2,2,0,0.0,0.9932,0.9
Q0317,500,38,2,2,0,0.0,0.9699,0.9
Q0318,500,40,2,2,0,0.0,0.9813,0.9
Q0319,500,45,2,2,0,0.0,0.9978,0.9
Q0320,500,42,2,2,0,0.0,0.9899,0.9
Q0321,500,8,6,5,1,16.67,0.9695,0.9
Q0322,500,12,5,4,1,20.0,0.9711,0.9
Q0323,500,14,4,4,0,0.0,0.9967,0.9
Q0324,500,1,17,14,3,17.65,0.9271,0.9
Q0325,500,1,17,14,3,17.65,0.9271,0.9
Q0326,500,1,17,14,3,17.65,0.9271,0.9
Q0327,500,1,17,14,3,17.65,0.9271,0.9
Q0328,500,1,17,14,3,17.65,0.9271,0.9
Q0329,500,2,12,10,2,16.67,0.9427,0.9
Q0330,500,2,12,10,2,16.67,0.9427,0.9
Q0331,500,2,12,10,2,16.67,0.9427,0.9
Q0332,500,2,12,10,2,16.67,0.9427,0.9
Q0333,500,2,12,10,2,16.67,0.9427,0.9
Q0334,500,1,17,14,3,17.65,0.9271,0.9
Q0335,500,1,17,14,3,17.65,0.9271,0.9
Q0336,500,1,17,14,3,17.65,0.9271,0.9
Q0337,500,1,17,14,3,17.65,0.9271,0.9
Q0338,500,1,17,14,3,17.65,0.9271,0.9
Q0339,500,1,17,14,3,17.65,0.9271,0.9
Q0340,500,1,17,14,3,17.65,0.9271,0.9
Q0341,500,1,17,14,3,17.65,0.9271,0.9
Q0342,500,1,17,14,3,17.65,0.9271,0.9
Q0343,500,1,17,14,3,17.65,0.9271,0.9
Q0344,500,1,17,14,3,17.65,0.9271,0.9
Q0345,500,1,17,14,3,17.65,0.9271,0.9
Q0346,500,1,17,14,3,17.65,0.9271,0.9
Q0347,500,1,17,14,3,17.65,0.9271,0.9
Q0348,500,1,17,14,3,17.65,0.9271,0.9
Q0349,500,1,17,14,3,17.65,0.9271,0.9
Q0350,500,1,17,14,3,17.65,0.9271,0.9
Q0351,500,1,17,14,3,17.65,0.9271,0.9
Q0352,500,1,17,14,3,17.65,0.9271,0.9
Q0353,500,1,17,14,3,17.65,0.9271,0.9
Q0354,500,2,12,10,2,16.67,0.9427,0.9
Q0355,500,2,12,10,2,16.67,0.9427,0.9
Q0356,500,3,10,8,2,20.0,0.9375,0.9
Q0357,500,3,10,8,2,20.0,0.9375,0.9
Q0358,500,2,12,10,2,16.67,0.9427,0.9
Q0359,500,1,17,14,3,17.65,0.9271,0.9
Q0360,500,1,17,14,3,17.65,0.9271,0.9
Q0361,500,1,17,14,3,17.65,0.9271,0.9
Q0362,500,1,17,14,3,17.65,0.9271,0.9
Q0363,500,1,17,14,3,17.65,0.9271,0.9
Q0364,500,1,17,14,3,17.65,0.9271,0.9
Q0365,500,1,17,14,3,17.65,0.9271,0.9
Q0366,500,1,17,14,3,17.65,0.9271,0.9
Q0367,500,1,17,14,3,17.65,0.9271,0.9
Q0368,500,1,17,14,3,17.65,0.9271,0.9
Q0369,500,1,17,14,3,17.65,0.9271,0.9
Q0370,500,1,17,14,3,17.65,0.9271,0.9
Q0371,500,1,17,14,3,17.65,0.9271,0.9
Q0372,500,1,17,14,3,17.65,0.9271,0.9
Q0373,500,1,17,14,3,17.65,0.9271,0.9
Q0374,500,1,17,14,3,17.65,0.9271,0.9
Q0375,500,1,17,14,3,17.65,0.9271,0.9
Q0376,500,1,17,14,3,17.65,0.9271,0.9
Q0377,500,1,17,14,3,17.65,0.9271,0.9
Q0378,500,1,17,14,3,17.65,0.9271,0.9
Q0379,500,2,12,10,2,16.67,0.9427,0.9
Q0380,500,1,17,14,3,17.65,0.9271,0.9
Q0381,500,2,12,10,2,16.67,0.9427,0.9
Q0382,500,2,12,10,2,16.67,0.9427,0.9
Q0383,500,2,12,10,2,16.67,0.9427,0.9
Q0384,500,1,17,14,3,17.65,0.9271,0.9
Q0385,500,1,17,14,3,17.65,0.9271,0.9
Q0386,500,1,17,14,3,17.65,0.9271,0.9
Q0387,500,1,17,14,3,17.65,0.9271,0.9
Q0388,500,1,17,14,3,17.65,0.9271,0.9
Q0389,500,1,17,14,3,17.65,0.9271,0.9
Q0390,500,1,17,14,3,17.65,0.9271,0.9
Q0391,500,1,17,14,3,17.65,0.9271,0.9
Q0392,500,1,17,14,3,17.65,0.9271,0.9
Q0393,500,1,17,14,3,17.65,0.9271,0.9
Q0394,500,1,17,14,3,17.65,0.9271,0.9
Q0395,500,1,17,14,3,17.65,0.9271,0.9
Q0396,500,1,17,14,3,17.65,0.9271,0.9
Q0397,500,1,17,14,3,17.65,0.9271,0.9
Q0398,500,1,17,14,3,17.65,0.9271,0.9
Q0001,1000,50,3,3,0,0.0,0.9999,0.9
Q0002,1000,50,3,3,0,0.0,0.9999,0.9
Q0003,1000,50,3,3,0,0.0,0.9999,0.9
Q0004,1000,50,3,3,0,0.0,0.9999,0.9
Q0005,1000,33,4,3,1,25.0,0.9171,0.9
Q0006,1000,40,3,3,0,0.0,0.9742,0.9
Q0007,1000,27,4,4,0,0.0,0.9928,0.9
Q0008,1000,33,4,3,1,25.0,0.9171,0.9
Q0009,1000,27,4,4,0,0.0,0.9928,0.9
Q0010,1000,37,4,3,1,25.0,0.9541,0.9
Q0011,1000,22,5,4,1,20.0,0.9476,0.9
Q0012,1000,23,5,4,1,20.0,0.9603,0.9
Q0013,1000,10,7,6,1,14.29,0.9296,0.9
Q0014,1000,16,6,5,1,16.67,0.9695,0.9
Q0015,1000,13,6,5,1,16.67,0.9047,0.9
Q0016,1000,12,7,6,1,14.29,0.9794,0.9
Q0017,1000,11,7,6,1,14.29,0.9586,0.9
Q0018,1000,9,8,7,1,12.5,0.9789,0.9
Q0019,1000,20,5,4,1,20.0,0.9162,0.9
Q0020,1000,33,4,3,1,25.0,0.9171,0.9
Q0021,1000,24,5,4,1,20.0,0.9711,0.9
Q0022,1000,19,5,5,0,0.0,0.9975,0.9
Q0023,1000,8,8,7,1,12.5,0.9492,0.9
Q0024,1000,10,7,6,1,14.29,0.9296,0.9
Q0025,1000,9,8,7,1,12.5,0.9789,0.9
Q0026,1000,17,6,5,1,16.67,0.9826,0.9
Q0027,1000,10,7,6,1,14.29,0.9296,0.9
Q0028,1000,29,4,4,0,0.0,0.9991,0.9
Q0029,1000,5,11,9,2,18.18,0.9497,0.9
Q0030,1000,3,14,11,3,21.43,0.9067,0.9
Q0031,1000,50,3,3,0,0.0,0.9999,0.9
Q0032,1000,50,3,3,0,0.0,0.9999,0.9
Q0033,1000,50,3,3,0,0.0,0.9999,0.9
Q0034,1000,50,3,3,0,0.0,0.9999,0.9
Q0035,1000,37,4,3,1,25.0,0.9541,0.9
Q0036,1000,29,4,4,0,0.0,0.9991,0.9
Q0037,1000,32,4,3,1,25.0,0.9059,0.9
Q0038,1000,50,3,3,0,0.0,0.9999,0.9
Q0039,1000,42,3,3,0,0.0,0.9842,0.9
Q0040,1000,50,3,3,0,0.0,0.9999,0.9
Q0041,1000,18,5,5,0,0.0,0.9918,0.9
Q0042,1000,25,4,4,0,0.0,0.98,0.9
Q0043,1000,13,6,5,1,16.67,0.9047,0.9
Q0044,1000,19,5,5,0,0.0,0.9975,0.9
Q0045,1000,15,6,5,1,16.67,0.9523,0.9
Q0046,1000,16,6,5,1,16.67,0.9695,0.9
Q0047,1000,10,7,6,1,14.29,0.9296,0.9
Q0048,1000,14,6,5,1,16.67,0.9308,0.9
Q0049,1000,1,24,20,4,16.67,0.9268,0.9
Q0050,1000,4,12,10,2,16.67,0.9427,0.9
Q0051,1000,2,17,14,3,17.65,0.9271,0.9
Q0052,1000,2,17,14,3,17.65,0.9271,0.9
Q0053,1000,1,24,20,4,16.67,0.9268,0.9
Q0054,1000,1,24,20,4,16.67,0.9268,0.9
Q0055,1000,1,24,20,4,16.67,0.9268,0.9
Q0056,1000,1,24,20,4,16.67,0.9268,0.9
Q0057,1000,1,24,20,4,16.67,0.9268,0.9
Q0058,1000,1,24,20,4,16.67,0.9268,0.9
Q0059,1000,1,24,20,4,16.67,0.9268,0.9
Q0060,1000,1,24,20,4,16.67,0.9268,0.9
Q0061,1000,7,9,7,2,22.22,0.9044,0.9
Q0062,1000,17,6,5,1,16.67,0.9826,0.9
Q0063,1000,9,8,7,1,12.5,0.9789,0.9
Q0064,1000,8,8,7,1,12.5,0.9492,0.9
Q0065,1000,2,17,14,3,17.65,0.9271,0.9
Q0066,1000,2,17,14,3,17.65,0.9271,0.9
Q0067,1000,3,14,11,3,21.43,0.9067,0.9
Q0068,1000,16,6,5,1,16.67,0.9695,0.9
Q0069,1000,4,12,10,2,16.67,0.9427,0.9
Q0070,1000,4,12,10,2,16.67,0.9427,0.9
Q0071,1000,1,24,20,4,16.67,0.9268,0.9
Q0072,1000,1,24,20,4,16.67,0.9268,0.9
Q0073,1000,12,7,6,1,14.29,0.9794,0.9
Q0074,1000,19,5,5,0,0.0,0.9975,0.9
Q0075,1000,19,5,5,0,0.0,0.9975,0.9
Q0076,1000,13,6,5,1,16.67,0.9047,0.9
Q0077,1000,7,9,7,2,22.22,0.9044,0.9
Q0078,1000,7,9,7,2,22.22,0.9044,0.9
Q0079,1000,4,12,10,2,16.67,0.9427,0.9
Q0080,1000,20,5,4,1,20.0,0.9162,0.9
Q0081,1000,11,7,6,1,14.29,0.9586,0.9
Q0082,1000,10,7,6,1,14.29,0.9296,0.9
Q0083,1000,2,17,14,3,17.65,0.9271,0.9
Q0084,1000,3,14,11,3,21.43,0.9067,0.9
Q0085,1000,7,9,7,2,22.22,0.9044,0.9
Q0086,1000,8,8,7,1,12.5,0.9492,0.9
Q0087,1000,6,10,8,2,20.0,0.9375,0.9
Q0088,1000,9,8,7,1,12.5,0.9789,0.9
Q0089,1000,4,12,10,2,16.67,0.9427,0.9
Q0090,1000,5,11,9,2,18.18,0.9497,0.9
Q0091,1000,5,11,9,2,18.18,0.9497,0.9
Q0092,1000,9,8,7,1,12.5,0.9789,0.9
Q0093,1000,8,8,7,1,12.5,0.9492,0.9
Q0094,1000,3,14,11,3,21.43,0.9067,0.9
Q0095,1000,4,12,10,2,16.67,0.9427,0.9
Q0096,1000,8,8,7,1,12.5,0.9492,0.9
Q0097,1000,3,14,11,3,21.43,0.9067,0.9
Q0098,1000,8,8,7,1,12.5,0.9492,0.9
Q0099,1000,11,7,6,1,14.29,0.9586,0.9
Q0100,1000,4,12,10,2,16.67,0.9427,0.9
Q0101,1000,2,17,14,3,17.65,0.9271,0.9
Q0102,1000,4,12,10,2,16.67,0.9427,0.9
Q0103,1000,22,5,4,1,20.0,0.9476,0.9
Q0104,1000,43,3,3,0,0.0,0.9882,0.9
Q0105,1000,34,4,3,1,25.0,0.9275,0.9
Q0106,1000,48,3,3,0,0.0,0.9994,0.9
Q0107,1000,15,6,5,1,16.67,0.9523,0.9
Q0108,1000,23,5,4,1,20.0,0.9603,0.9
Q0109,1000,7,9,7,2,22.22,0.9044,0.9
Q0110,1000,11,7,6,1,14.29,0.9586,0.9
Q0111,1000,10,7,6,1,14.29,0.9296,0.9
Q0112,1000,10,7,6,1,14.29,0.9296,0.9
Q0113,1000,6,10,8,2,20.0,0.9375,0.9
Q0114,1000,4,12,10,2,16.67,0.9427,0.9
Q0115,1000,3,14,11,3,21.43,0.9067,0.9
Q0116,1000,10,7,6,1,14.29,0.9296,0.9
Q0117,1000,4,12,10,2,16.67,0.9427,0.9
Q0118,1000,11,7,6,1,14.29,0.9586,0.9
Q0119,1000,2,17,14,3,17.65,0.9271,0.9
Q0120,1000,3,14,11,3,21.43,0.9067,0.9
Q0121,1000,1,24,20,4,16.67,0.9268,0.9
Q0122,1000,29,4,4,0,0.0,0.9991,0.9
Q0123,1000,1,24,20,4,16.67,0.9268,0.9
Q0124,1000,13,6,5,1,16.67,0.9047,0.9
Q0125,1000,1,24,20,4,16.67,0.9268,0.9
Q0126,1000,1,24,20,4,16.67,0.9268,0.9
Q0127,1000,45,3,3,0,0.0,0.9945,0.9
Q0128,1000,50,3,3,0,0.0,0.9999,0.9
Q0129,1000,50,3,3,0,0.0,0.9999,0.9
Q0130,1000,50,3,3,0,0.0,0.9999,0.9
Q0131,1000,14,6,5,1,16.67,0.9308,0.9
Q0132,1000,16,6,5,1,16.67,0.9695,0.9
Q0133,1000,6,10,8,2,20.0,0.9375,0.9
Q0134,1000,33,4,3,1,25.0,0.9171,0.9
Q0135,1000,13,6,5,1,16.67,0.9047,0.9
Q0136,1000,34,4,3,1,25.0,0.9275,0.9
Q0137,1000,4,12,10,2,16.67,0.9427,0.9
Q0138,1000,9,8,7,1,12.5,0.9789,0.9
Q0139,1000,4,12,10,2,16.67,0.9427,0.9
Q0140,1000,10,7,6,1,14.29,0.9296,0.9
Q0141,1000,6,10,8,2,20.0,0.9375,0.9
Q0142,1000,9,8,7,1,12.5,0.9789,0.9
Q0143,1000,3,14,11,3,21.43,0.9067,0.9
Q0144,1000,3,14,11,3,21.43,0.9067,0.9
Q0145,1000,16,6,5,1,16.67,0.9695,0.9
Q0146,1000,50,3,3,0,0.0,0.9999,0.9
Q0147,1000,32,4,3,1,25.0,0.9059,0.9
Q0148,1000,41,3,3,0,0.0,0.9795,0.9
Q0149,1000,8,8,7,1,12.5,0.9492,0.9
Q0150,1000,13,6,5,1,16.67,0.9047,0.9
Q0151,1000,1,24,20,4,16.67,0.9268,0.9
Q0152,1000,3,14,11,3,21.43,0.9067,0.9
Q0153,1000,4,12,10,2,16.67,0.9427,0.9
Q0154,1000,1,24,20,4,16.67,0.9268,0.9
Q0155,1000,3,14,11,3,21.43,0.9067,0.9
Q0156,1000,3,14,11,3,21.43,0.9067,0.9
Q0157,1000,5,11,9,2,18.18,0.9497,0.9
Q0158,1000,9,8,7,1,12.5,0.9789,0.9
Q0159,1000,7,9,7,2,22.22,0.9044,0.9
Q0160,1000,9,8,7,1,12.5,0.9789,0.9
Q0161,1000,2,17,14,3,17.65,0.9271,0.9
Q0162,1000,4,12,10,2,16.67,0.9427,0.9
Q0163,1000,6,10,8,2,20.0,0.9375,0.9
Q0164,1000,9,8,7,1,12.5,0.9789,0.9
Q0165,1000,6,10,8,2,20.0,0.9375,0.9
Q0166,1000,6,10,8,2,20.0,0.9375,0.9
Q0167,1000,3,14,11,3,21.43,0.9067,0.9
Q0168,1000,4,12,10,2,16.67,0.9427,0.9
Q0169,1000,16,6,5,1,16.67,0.9695,0.9
Q0170,1000,50,3,3,0,0.0,0.9999,0.9
Q0171,1000,31,4,4,0,0.0,0.9995,0.9
Q0172,1000,7,9,7,2,22.22,0.9044,0.9
Q0173,1000,10,7,6,1,14.29,0.9296,0.9
Q0174,1000,14,6,5,1,16.67,0.9308,0.9
Q0175,1000,16,6,5,1,16.67,0.9695,0.9
Q0176,1000,50,3,3,0,0.0,0.9999,0.9
Q0177,1000,43,3,3,0,0.0,0.9882,0.9
Q0178,1000,50,3,3,0,0.0,0.9999,0.9
Q0179,1000,11,7,6,1,14.29,0.9586,0.9
Q0180,1000,22,5,4,1,20.0,0.9476,0.9
Q0181,1000,50,3,3,0,0.0,0.9999,0.9
Q0182,1000,50,3,3,0,0.0,0.9999,0.9
Q0183,1000,50,3,3,0,0.0,0.9999,0.9
Q0184,1000,50,3,3,0,0.0,0.9999,0.9
Q0185,1000,50,3,3,0,0.0,0.9999,0.9
Q0186,1000,47,3,3,0,0.0,0.9983,0.9
Q0187,1000,42,3,3,0,0.0,0.9842,0.9
Q0188,1000,50,3,3,0,0.0,0.9999,0.9
Q0189,1000,50,3,3,0,0.0,0.9999,0.9
Q0190,1000,50,3,3,0,0.0,0.9999,0.9
Q0191,1000,29,4,4,0,0.0,0.9991,0.9
Q0192,1000,27,4,4,0,0.0,0.9928,0.9
Q0193,1000,10,7,6,1,14.29,0.9296,0.9
Q0194,1000,34,4,3,1,25.0,0.9275,0.9
Q0195,1000,7,9,7,2,22.22,0.9044,0.9
Q0196,1000,14,6,5,1,16.67,0.9308,0.9
Q0197,1000,1,24,20,4,16.67,0.9268,0.9
Q0198,1000,2,17,14,3,17.65,0.9271,0.9
Q0199,1000,1,24,20,4,16.67,0.9268,0.9
Q0200,1000,3,14,11,3,21.43,0.9067,0.9
Q0201,1000,1,24,20,4,16.67,0.9268,0.9
Q0202,1000,3,14,11,3,21.43,0.9067,0.9
Q0203,1000,1,24,20,4,16.67,0.9268,0.9
Q0204,1000,1,24,20,4,16.67,0.9268,0.9
Q0205,1000,1,24,20,4,16.67,0.9268,0.9
Q0206,1000,1,24,20,4,16.67,0.9268,0.9
Q0207,1000,1,24,20,4,16.67,0.9268,0.9
Q0208,1000,2,17,14,3,17.65,0.9271,0.9
Q0209,1000,1,24,20,4,16.67,0.9268,0.9
Q0210,1000,1,24,20,4,16.67,0.9268,0.9
Q0211,1000,1,24,20,4,16.67,0.9268,0.9
Q0212,1000,1,24,20,4,16.67,0.9268,0.9
Q0213,1000,1,24,20,4,16.67,0.9268,0.9
Q0214,1000,2,17,14,3,17.65,0.9271,0.9
Q0215,1000,1,24,20,4,16.67,0.9268,0.9
Q0216,1000,1,24,20,4,16.67,0.9268,0.9
Q0217,1000,1,24,20,4,16.67,0.9268,0.9
Q0218,1000,5,11,9,2,18.18,0.9497,0.9
Q0219,1000,3,14,11,3,21.43,0.9067,0.9
Q0220,1000,3,14,11,3,21.43,0.9067,0.9
Q0221,1000,1,24,20,4,16.67,0.9268,0.9
Q0222,1000,1,24,20,4,16.67,0.9268,0.9
Q0223,1000,1,24,20,4,16.67,0.9268,0.9
Q0224,1000,2,17,14,3,17.65,0.9271,0.9
Q0225,1000,1,24,20,4,16.67,0.9268,0.9
Q0226,1000,2,17,14,3,17.65,0.9271,0.9
Q0227,1000,1,24,20,4,16.67,0.9268,0.9
Q0228,1000,1,24,20,4,16.67,0.9268,0.9
Q0229,1000,1,24,20,4,16.67,0.9268,0.9
Q0230,1000,1,24,20,4,16.67,0.9268,0.9
Q0231,1000,1,24,20,4,16.67,0.9268,0.9
Q0232,1000,1,24,20,4,16.67,0.9268,0.9
Q0233,1000,1,24,20,4,16.67,0.9268,0.9
Q0234,1000,1,24,20,4,16.67,0.9268,0.9
Q0235,1000,1,24,20,4,16.67,0.9268,0.9
Q0236,1000,1,24,20,4,16.67,0.9268,0.9
Q0237,1000,1,24,20,4,16.67,0.9268,0.9
Q0238,1000,1,24,20,4,16.67,0.9268,0.9
Q0239,1000,1,24,20,4,16.67,0.9268,0.9
Q0240,1000,1,24,20,4,16.67,0.9268,0.9
Q0241,1000,2,17,14,3,17.65,0.9271,0.9
Q0242,1000,16,6,5,1,16.67,0.9695,0.9
Q0243,1000,8,8,7,1,12.5,0.9492,0.9
Q0244,1000,3,14,11,3,21.43,0.9067,0.9
Q0245,1000,4,12,10,2,16.67,0.9427,0.9
Q0246,1000,1,24,20,4,16.67,0.9268,0.9
Q0247,1000,9,8,7,1,12.5,0.9789,0.9
Q0248,1000,50,3,3,0,0.0,0.9999,0.9
Q0249,1000,13,6,5,1,16.67,0.9047,0.9
Q0250,1000,10,7,6,1,14.29,0.9296,0.9
Q0251,1000,1,24,20,4,16.67,0.9268,0.9
Q0252,1000,1,24,20,4,16.67,0.9268,0.9
Q0253,1000,46,3,3,0,0.0,0.9967,0.9
Q0254,1000,50,3,3,0,0.0,0.9999,0.9
Q0255,1000,50,3,3,0,0.0,0.9999,0.9
Q0256,1000,50,3,3,0,0.0,0.9999,0.9
Q0257,1000,16,6,5,1,16.67,0.9695,0.9
Q0258,1000,29,4,4,0,0.0,0.9991,0.9
Q0259,1000,1,24,20,4,16.67,0.9268,0.9
Q0260,1000,1,24,20,4,16.67,0.9268,0.9
Q0261,1000,1,24,20,4,16.67,0.9268,0.9
Q0262,1000,1,24,20,4,16.67,0.9268,0.9
Q0263,1000,1,24,20,4,16.67,0.9268,0.9
Q0264,1000,1,24,20,4,16.67,0.9268,0.9
Q0265,1000,1,24,20,4,16.67,0.9268,0.9
Q0266,1000,8,8,7,1,12.5,0.9492,0.9
Q0267,1000,1,24,20,4,16.67,0.9268,0.9
Q0268,1000,2,17,14,3,17.65,0.9271,0.9
Q0269,1000,1,24,20,4,16.67,0.9268,0.9
Q0270,1000,1,24,20,4,16.67,0.9268,0.9
Q0271,1000,2,17,14,3,17.65,0.9271,0.9
Q0272,1000,18,5,5,0,0.0,0.9918,0.9
Q0273,1000,1,24,20,4,16.67,0.9268,0.9
Q0274,1000,11,7,6,1,14.29,0.9586,0.9
Q0275,1000,1,24,20,4,16.67,0.9268,0.9
Q0276,1000,1,24,20,4,16.67,0.9268,0.9
Q0277,1000,2,17,14,3,17.65,0.9271,0.9
Q0278,1000,25,4,4,0,0.0,0.98,0.9
Q0279,1000,5,11,9,2,18.18,0.9497,0.9
Q0280,1000,2,17,14,3,17.65,0.9271,0.9
Q0281,1000,2,17,14,3,17.65,0.9271,0.9
Q0282,1000,2,17,14,3,17.65,0.9271,0.9
Q0283,1000,15,6,5,1,16.67,0.9523,0.9
Q0284,1000,42,3,3,0,0.0,0.9842,0.9
Q0285,1000,26,4,4,0,0.0,0.9872,0.9
Q0286,1000,21,5,4,1,20.0,0.9329,0.9
Q0287,1000,22,5,4,1,20.0,0.9476,0.9
Q0288,1000,23,5,4,1,20.0,0.9603,0.9
Q0289,1000,18,5,5,0,0.0,0.9918,0.9
Q0290,1000,50,3,3,0,0.0,0.9999,0.9
Q0291,1000,41,3,3,0,0.0,0.9795,0.9
Q0292,1000,28,4,4,0,0.0,0.9967,0.9
Q0293,1000,30,4,4,0,0.0,1.0,0.9
Q0294,1000,39,3,3,0,0.0,0.9682,0.9
Q0295,1000,8,8,7,1,12.5,0.9492,0.9
Q0296,1000,22,5,4,1,20.0,0.9476,0.9
Q0297,1000,12,7,6,1,14.29,0.9794,0.9
Q0298,1000,16,6,5,1,16.67,0.9695,0.9
Q0299,1000,6,10,8,2,20.0,0.9375,0.9
Q0300,1000,8,8,7,1,12.5,0.9492,0.9
Q0301,1000,29,4,4,0,0.0,0.9991,0.9
Q0302,1000,28,4,4,0,0.0,0.9967,0.9
Q0303,1000,27,4,4,0,0.0,0.9928,0.9
Q0304,1000,24,5,4,1,20.0,0.9711,0.9
Q0305,1000,29,4,4,0,0.0,0.9991,0.9
Q0306,1000,4,12,10,2,16.67,0.9427,0.9
Q0307,1000,4,12,10,2,16.67,0.9427,0.9
Q0308,1000,5,11,9,2,18.18,0.9497,0.9
Q0309,1000,3,14,11,3,21.43,0.9067,0.9
Q0310,1000,50,3,3,0,0.0,0.9999,0.9
Q0311,1000,50,3,3,0,0.0,0.9999,0.9
Q0312,1000,50,3,3,0,0.0,0.9999,0.9
Q0313,1000,50,3,3,0,0.0,0.9999,0.9
Q0314,1000,50,3,3,0,0.0,0.9999,0.9
Q0315,1000,50,3,3,0,0.0,0.9999,0.9
Q0316,1000,43,3,3,0,0.0,0.9882,0.9
Q0317,1000,38,4,3,1,25.0,0.9615,0.9
Q0318,1000,40,3,3,0,0.0,0.9742,0.9
Q0319,1000,45,3,3,0,0.0,0.9945,0.9
Q0320,1000,42,3,3,0,0.0,0.9842,0.9
Q0321,1000,8,8,7,1,12.5,0.9492,0.9
Q0322,1000,12,7,6,1,14.29,0.9794,0.9
Q0323,1000,14,6,5,1,16.67,0.9308,0.9
Q0324,1000,1,24,20,4,16.67,0.9268,0.9
Q0325,1000,1,24,20,4,16.67,0.9268,0.9
Q0326,1000,1,24,20,4,16.67,0.9268,0.9
Q0327,1000,1,24,20,4,16.67,0.9268,0.9
Q0328,1000,1,24,20,4,16.67,0.9268,0.9
Q0329,1000,2,17,14,3,17.65,0.9271,0.9
Q0330,1000,2,17,14,3,17.65,0.9271,0.9
Q0331,1000,2,17,14,3,17.65,0.9271,0.9
Q0332,1000,2,17,14,3,17.65,0.9271,0.9
Q0333,1000,2,17,14,3,17.65,0.9271,0.9
Q0334,1000,1,24,20,4,16.67,0.9268,0.9
Q0335,1000,1,24,20,4,16.67,0.9268,0.9
Q0336,1000,1,24,20,4,16.67,0.9268,0.9
Q0337,1000,1,24,20,4,16.67,0.9268,0.9
Q0338,1000,1,24,20,4,16.67,0.9268,0.9
Q0339,1000,1,24,20,4,16.67,0.9268,0.9
Q0340,1000,1,24,20,4,16.67,0.9268,0.9
Q0341,1000,1,24,20,4,16.67,0.9268,0.9
Q0342,1000,1,24,20,4,16.67,0.9268,0.9
Q0343,1000,1,24,20,4,16.67,0.9268,0.9
Q0344,1000,1,24,20,4,16.67,0.9268,0.9
Q0345,1000,1,24,20,4,16.67,0.9268,0.9
Q0346,1000,1,24,20,4,16.67,0.9268,0.9
Q0347,1000,1,24,20,4,16.67,0.9268,0.9
Q0348,1000,1,24,20,4,16.67,0.9268,0.9
Q0349,1000,1,24,20,4,16.67,0.9268,0.9
Q0350,1000,1,24,20,4,16.67,0.9268,0.9
Q0351,1000,1,24,20,4,16.67,0.9268,0.9
Q0352,1000,1,24,20,4,16.67,0.9268,0.9
Q0353,1000,1,24,20,4,16.67,0.9268,0.9
Q0354,1000,2,17,14,3,17.65,0.9271,0.9
Q0355,1000,2,17,14,3,17.65,0.9271,0.9
Q0356,1000,3,14,11,3,21.43,0.9067,0.9
Q0357,1000,3,14,11,3,21.43,0.9067,0.9
Q0358,1000,2,17,14,3,17.65,0.9271,0.9
Q0359,1000,1,24,20,4,16.67,0.9268,0.9
Q0360,1000,1,24,20,4,16.67,0.9268,0.9
Q0361,1000,1,24,20,4,16.67,0.9268,0.9
Q0362,1000,1,24,20,4,16.67,0.9268,0.9
Q0363,1000,1,24,20,4,16.67,0.9268,0.9
Q0364,1000,1,24,20,4,16.67,0.9268,0.9
Q0365,1000,1,24,20,4,16.67,0.9268,0.9
Q0366,1000,1,24,20,4,16.67,0.9268,0.9
Q0367,1000,1,24,20,4,16.67,0.9268,0.9
Q0368,1000,1,24,20,4,16.67,0.9268,0.9
Q0369,1000,1,24,20,4,16.67,0.9268,0.9
Q0370,1000,1,24,20,4,16.67,0.9268,0.9
Q0371,1000,1,24,20,4,16.67,0.9268,0.9
Q0372,1000,1,24,20,4,16.67,0.9268,0.9
Q0373,1000,1,24,20,4,16.67,0.9268,0.9
Q0374,1000,1,24,20,4,16.67,0.9268,0.9
Q0375,1000,1,24,20,4,16.67,0.9268,0.9
Q0376,1000,1,24,20,4,16.67,0.9268,0.9
Q0377,1000,1,24,20,4,16.67,0.9268,0.9
Q0378,1000,1,24,20,4,16.67,0.9268,0.9
Q0379,1000,2,17,14,3,17.65,0.9271,0.9
Q0380,1000,1,24,20,4,16.67,0.9268,0.9
Q0381,1000,2,17,14,3,17.65,0.9271,0.9
Q0382,1000,2,17,14,3,17.65,0.9271,0.9
Q0383,1000,2,17,14,3,17.65,0.9271,0.9
Q0384,1000,1,24,20,4,16.67,0.9268,0.9
Q0385,1000,1,24,20,4,16.67,0.9268,0.9
Q0386,1000,1,24,20,4,16.67,0.9268,0.9
Q0387,1000,1,24,20,4,16.67,0.9268,0.9
Q0388,1000,1,24,20,4,16.67,0.9268,0.9
Q0389,1000,1,24,20,4,16.67,0.9268,0.9
Q0390,1000,1,24,20,4,16.67,0.9268,0.9
Q0391,1000,1,24,20,4,16.67,0.9268,0.9
Q0392,1000,1,24,20,4,16.67,0.9268,0.9
Q0393,1000,1,24,20,4,16.67,0.9268,0.9
Q0394,1000,1,24,20,4,16.67,0.9268,0.9
Q0395,1000,1,24,20,4,16.67,0.9268,0.9
Q0396,1000,1,24,20,4,16.67,0.9268,0.9
Q0397,1000,1,24,20,4,16.67,0.9268,0.9
Q0398,1000,1,24,20,4,16.67,0.9268,0.9
Q0001,2000,50,4,4,0,0.0,0.98,0.9
Q0002,2000,50,4,4,0,0.0,0.98,0.9
Q0003,2000,50,4,4,0,0.0,0.98,0.9
Q0004,2000,50,4,4,0,0.0,0.98,0.9
Q0005,2000,33,6,5,1,16.67,0.9765,0.9
Q0006,2000,40,5,4,1,20.0,0.9162,0.9
Q0007,2000,27,6,5,1,16.67,0.9183,0.9
Q0008,2000,33,6,5,1,16.67,0.9765,0.9
Q0009,2000,27,6,5,1,16.67,0.9183,0.9
Q0010,2000,37,5,5,0,0.0,0.9951,0.9
Q0011,2000,22,7,6,1,14.29,0.9586,0.9
Q0012,2000,23,7,6,1,14.29,0.97,0.9
Q0013,2000,10,11,9,2,18.18,0.9497,0.9
Q0014,2000,16,8,7,1,12.5,0.9492,0.9
Q0015,2000,13,9,8,1,11.11,0.961,0.9
Q0016,2000,12,10,8,2,20.0,0.9375,0.9
Q0017,2000,11,10,8,2,20.0,0.9076,0.9
Q0018,2000,9,11,9,2,18.18,0.9153,0.9
Q0019,2000,20,7,6,1,14.29,0.9296,0.9
Q0020,2000,33,6,5,1,16.67,0.9765,0.9
Q0021,2000,24,7,6,1,14.29,0.9794,0.9
Q0022,2000,19,8,6,2,25.0,0.9117,0.9
Q0023,2000,8,12,10,2,16.67,0.9427,0.9
Q0024,2000,10,11,9,2,18.18,0.9497,0.9
Q0025,2000,9,11,9,2,18.18,0.9153,0.9
Q0026,2000,17,8,7,1,12.5,0.9658,0.9
Q0027,2000,10,11,9,2,18.18,0.9497,0.9
Q0028,2000,29,6,5,1,16.67,0.9421,0.9
Q0029,2000,5,15,12,3,20.0,0.9009,0.9
Q0030,2000,3,20,16,4,20.0,0.9169,0.9
Q0031,2000,50,4,4,0,0.0,0.98,0.9
Q0032,2000,50,4,4,0,0.0,0.98,0.9
Q0033,2000,50,4,4,0,0.0,0.98,0.9
Q0034,2000,50,4,4,0,0.0,0.98,0.9
Q0035,2000,37,5,5,0,0.0,0.9951,0.9
Q0036,2000,29,6,5,1,16.67,0.9421,0.9
Q0037,2000,32,6,5,1,16.67,0.9695,0.9
Q0038,2000,50,4,4,0,0.0,0.98,0.9
Q0039,2000,42,5,4,1,20.0,0.9329,0.9
Q0040,2000,50,4,4,0,0.0,0.98,0.9
Q0041,2000,18,8,7,1,12.5,0.9789,0.9
Q0042,2000,25,7,6,1,14.29,0.987,0.9
Q0043,2000,13,9,8,1,11.11,0.961,0.9
Q0044,2000,19,8,6,2,25.0,0.9117,0.9
Q0045,2000,15,9,7,2,22.22,0.9288,0.9
Q0046,2000,16,8,7,1,12.5,0.9492,0.9
Q0047,2000,10,11,9,2,18.18,0.9497,0.9
Q0048,2000,14,9,7,2,22.22,0.9044,0.9
Q0049,2000,1,35,25,10,28.57,0.826,0.9
Q0050,2000,4,17,14,3,17.65,0.9271,0.9
Q0051,2000,2,24,20,4,16.67,0.9268,0.9
Q0052,2000,2,24,20,4,16.67,0.9268,0.9
Q0053,2000,1,35,25,10,28.57,0.826,0.9
Q0054,2000,1,35,25,10,28.57,0.826,0.9
Q0055,2000,1,35,25,10,28.57,0.826,0.9
Q0056,2000,1,35,25,10,28.57,0.826,0.9
Q0057,2000,1,35,25,10,28.57,0.826,0.9
Q0058,2000,1,35,25,10,28.57,0.826,0.9
Q0059,2000,1,35,25,10,28.57,0.826,0.9
Q0060,2000,1,35,25,10,28.57,0.826,0.9
Q0061,2000,7,13,11,2,15.38,0.9568,0.9
Q0062,2000,17,8,7,1,12.5,0.9658,0.9
Q0063,2000,9,11,9,2,18.18,0.9153,0.9
Q0064,2000,8,12,10,2,16.67,0.9427,0.9
Q0065,2000,2,24,20,4,16.67,0.9268,0.9
Q0066,2000,2,24,20,4,16.67,0.9268,0.9
Q0067,2000,3,20,16,4,20.0,0.9169,0.9
Q0068,2000,16,8,7,1,12.5,0.9492,0.9
Q0069,2000,4,17,14,3,17.65,0.9271,0.9
Q0070,2000,4,17,14,3,17.65,0.9271,0.9
Q0071,2000,1,35,25,10,28.57,0.826,0.9
Q0072,2000,1,35,25,10,28.57,0.826,0.9
Q0073,2000,12,10,8,2,20.0,0.9375,0.9
Q0074,2000,19,8,6,2,25.0,0.9117,0.9
Q0075,2000,19,8,6,2,25.0,0.9117,0.9
Q0076,2000,13,9,8,1,11.11,0.961,0.9
Q0077,2000,7,13,11,2,15.38,0.9568,0.9
Q0078,2000,7,13,11,2,15.38,0.9568,0.9
Q0079,2000,4,17,14,3,17.65,0.9271,0.9
Q0080,2000,20,7,6,1,14.29,0.9296,0.9
Q0081,2000,11,10,8,2,20.0,0.9076,0.9
Q0082,2000,10,11,9,2,18.18,0.9497,0.9
Q0083,2000,2,24,20,4,16.67,0.9268,0.9
Q0084,2000,3,20,16,4,20.0,0.9169,0.9
Q0085,2000,7,13,11,2,15.38,0.9568,0.9
Q0086,2000,8,12,10,2,16.67,0.9427,0.9
Q0087,2000,6,14,11,3,21.43,0.9067,0.9
Q0088,2000,9,11,9,2,18.18,0.9153,0.9
Q0089,2000,4,17,14,3,17.65,0.9271,0.9
Q0090,2000,5,15,12,3,20.0,0.9009,0.9
Q0091,2000,5,15,12,3,20.0,0.9009,0.9
Q0092,2000,9,11,9,2,18.18,0.9153,0.9
Q0093,2000,8,12,10,2,16.67,0.9427,0.9
Q0094,2000,3,20,16,4,20.0,0.9169,0.9
Q0095,2000,4,17,14,3,17.65,0.9271,0.9
Q0096,2000,8,12,10,2,16.67,0.9427,0.9
Q0097,2000,3,20,16,4,20.0,0.9169,0.9
Q0098,2000,8,12,10,2,16.67,0.9427,0.9
Q0099,2000,11,10,8,2,20.0,0.9076,0.9
Q0100,2000,4,17,14,3,17.65,0.9271,0.9
Q0101,2000,2,24,20,4,16.67,0.9268,0.9
Q0102,2000,4,17,14,3,17.65,0.9271,0.9
Q0103,2000,22,7,6,1,14.29,0.9586,0.9
Q0104,2000,43,5,4,1,20.0,0.9405,0.9
Q0105,2000,34,6,5,1,16.67,0.9826,0.9
Q0106,2000,48,5,4,1,20.0,0.9711,0.9
Q0107,2000,15,9,7,2,22.22,0.9288,0.9
Q0108,2000,23,7,6,1,14.29,0.97,0.9
Q0109,2000,7,13,11,2,15.38,0.9568,0.9
Q0110,2000,11,10,8,2,20.0,0.9076,0.9
Q0111,2000,10,11,9,2,18.18,0.9497,0.9
Q0112,2000,10,11,9,2,18.18,0.9497,0.9
Q0113,2000,6,14,11,3,21.43,0.9067,0.9
Q0114,2000,4,17,14,3,17.65,0.9271,0.9
Q0115,2000,3,20,16,4,20.0,0.9169,0.9
Q0116,2000,10,11,9,2,18.18,0.9497,0.9
Q0117,2000,4,17,14,3,17.65,0.9271,0.9
Q0118,2000,11,10,8,2,20.0,0.9076,0.9
Q0119,2000,2,24,20,4,16.67,0.9268,0.9
Q0120,2000,3,20,16,4,20.0,0.9169,0.9
Q0121,2000,1,35,25,10,28.57,0.826,0.9
Q0122,2000,29,6,5,1,16.67,0.9421,0.9
Q0123,2000,1,35,25,10,28.57,0.826,0.9
Q0124,2000,13,9,8,1,11.11,0.961,0.9
Q0125,2000,1,35,25,10,28.57,0.826,0.9
Q0126,2000,1,35,25,10,28.57,0.826,0.9
Q0127,2000,45,5,4,1,20.0,0.9542,0.9
Q0128,2000,50,4,4,0,0.0,0.98,0.9
Q0129,2000,50,4,4,0,0.0,0.98,0.9
Q0130,2000,50,4,4,0,0.0,0.98,0.9
Q0131,2000,14,9,7,2,22.22,0.9044,0.9
Q0132,2000,16,8,7,1,12.5,0.9492,0.9
Q0133,2000,6,14,11,3,21.43,0.9067,0.9
Q0134,2000,33,6,5,1,16.67,0.9765,0.9
Q0135,2000,13,9,8,1,11.11,0.961,0.9
Q0136,2000,34,6,5,1,16.67,0.9826,0.9
Q0137,2000,4,17,14,3,17.65,0.9271,0.9
Q0138,2000,9,11,9,2,18.18,0.9153,0.9
Q0139,2000,4,17,14,3,17.65,0.9271,0.9
Q0140,2000,10,11,9,2,18.18,0.9497,0.9
Q0141,2000,6,14,11,3,21.43,0.9067,0.9
Q0142,2000,9,11,9,2,18.18,0.9153,0.9
Q0143,2000,3,20,16,4,20.0,0.9169,0.9
Q0144,2000,3,20,16,4,20.0,0.9169,0.9
Q0145,2000,16,8,7,1,12.5,0.9492,0.9
Q0146,2000,50,4,4,0,0.0,0.98,0.9
Q0147,2000,32,6,5,1,16.67,0.9695,0.9
Q0148,2000,41,5,4,1,20.0,0.9248,0.9
Q0149,2000,8,12,10,2,16.67,0.9427,0.9
Q0150,2000,13,9,8,1,11.11,0.961,0.9
Q0151,2000,1,35,25,10,28.57,0.826,0.9
Q0152,2000,3,20,16,4,20.0,0.9169,0.9
Q0153,2000,4,17,14,3,17.65,0.9271,0.9
Q0154,2000,1,35,25,10,28.57,0.826,0.9
Q0155,2000,3,20,16,4,20.0,0.9169,0.9
Q0156,2000,3,20,16,4,20.0,0.9169,0.9
Q0157,2000,5,15,12,3,20.0,0.9009,0.9
Q0158,2000,9,11,9,2,18.18,0.9153,0.9
Q0159,2000,7,13,11,2,15.38,0.9568,0.9
Q0160,2000,9,11,9,2,18.18,0.9153,0.9
Q0161,2000,2,24,20,4,16.67,0.9268,0.9
Q0162,2000,4,17,14,3,17.65,0.9271,0.9
Q0163,2000,6,14,11,3,21.43,0.9067,0.9
Q0164,2000,9,11,9,2,18.18,0.9153,0.9
Q0165,2000,6,14,11,3,21.43,0.9067,0.9
Q0166,2000,6,14,11,3,21.43,0.9067,0.9
Q0167,2000,3,20,16,4,20.0,0.9169,0.9
Q0168,2000,4,17,14,3,17.65,0.9271,0.9
Q0169,2000,16,8,7,1,12.5,0.9492,0.9
Q0170,2000,50,4,4,0,0.0,0.98,0.9
Q0171,2000,31,6,5,1,16.67,0.9614,0.9
Q0172,2000,7,13,11,2,15.38,0.9568,0.9
Q0173,2000,10,11,9,2,18.18,0.9497,0.9
Q0174,2000,14,9,7,2,22.22,0.9044,0.9
Q0175,2000,16,8,7,1,12.5,0.9492,0.9
Q0176,2000,50,4,4,0,0.0,0.98,0.9
Q0177,2000,43,5,4,1,20.0,0.9405,0.9
Q0178,2000,50,4,4,0,0.0,0.98,0.9
Q0179,2000,11,10,8,2,20.0,0.9076,0.9
Q0180,2000,22,7,6,1,14.29,0.9586,0.9
Q0181,2000,50,4,4,0,0.0,0.98,0.9
Q0182,2000,50,4,4,0,0.0,0.98,0.9
Q0183,2000,50,4,4,0,0.0,0.98,0.9
Q0184,2000,50,4,4,0,0.0,0.98,0.9
Q0185,2000,50,4,4,0,0.0,0.98,0.9
Q0186,2000,47,5,4,1,20.0,0.9659,0.9
Q0187,2000,42,5,4,1,20.0,0.9329,0.9
Q0188,2000,50,4,4,0,0.0,0.98,0.9
Q0189,2000,50,4,4,0,0.0,0.98,0.9
Q0190,2000,50,4,4,0,0.0,0.98,0.9
Q0191,2000,29,6,5,1,16.67,0.9421,0.9
Q0192,2000,27,6,5,1,16.67,0.9183,0.9
Q0193,2000,10,11,9,2,18.18,0.9497,0.9
Q0194,2000,34,6,5,1,16.67,0.9826,0.9
Q0195,2000,7,13,11,2,15.38,0.9568,0.9
Q0196,2000,14,9,7,2,22.22,0.9044,0.9
Q0197,2000,1,35,25,10,28.57,0.826,0.9
Q0198,2000,2,24,20,4,16.67,0.9268,0.9
Q0199,2000,1,35,25,10,28.57,0.826,0.9
Q0200,2000,3,20,16,4,20.0,0.9169,0.9
Q0201,2000,1,35,25,10,28.57,0.826,0.9
Q0202,2000,3,20,16,4,20.0,0.9169,0.9
Q0203,2000,1,35,25,10,28.57,0.826,0.9
Q0204,2000,1,35,25,10,28.57,0.826,0.9
Q0205,2000,1,35,25,10,28.57,0.826,0.9
Q0206,2000,1,35,25,10,28.57,0.826,0.9
Q0207,2000,1,35,25,10,28.57,0.826,0.9
Q0208,2000,2,24,20,4,16.67,0.9268,0.9
Q0209,2000,1,35,25,10,28.57,0.826,0.9
Q0210,2000,1,35,25,10,28.57,0.826,0.9
Q0211,2000,1,35,25,10,28.57,0.826,0.9
Q0212,2000,1,35,25,10,28.57,0.826,0.9
Q0213,2000,1,35,25,10,28.57,0.826,0.9
Q0214,2000,2,24,20,4,16.67,0.9268,0.9
Q0215,2000,1,35,25,10,28.57,0.826,0.9
Q0216,2000,1,35,25,10,28.57,0.826,0.9
Q0217,2000,1,35,25,10,28.57,0.826,0.9
Q0218,2000,5,15,12,3,20.0,0.9009,0.9
Q0219,2000,3,20,16,4,20.0,0.9169,0.9
Q0220,2000,3,20,16,4,20.0,0.9169,0.9
Q0221,2000,1,35,25,10,28.57,0.826,0.9
Q0222,2000,1,35,25,10,28.57,0.826,0.9
Q0223,2000,1,35,25,10,28.57,0.826,0.9
Q0224,2000,2,24,20,4,16.67,0.9268,0.9
Q0225,2000,1,35,25,10,28.57,0.826,0.9
Q0226,2000,2,24,20,4,16.67,0.9268,0.9
Q0227,2000,1,35,25,10,28.57,0.826,0.9
Q0228,2000,1,35,25,10,28.57,0.826,0.9
Q0229,2000,1,35,25,10,28.57,0.826,0.9
Q0230,2000,1,35,25,10,28.57,0.826,0.9
Q0231,2000,1,35,25,10,28.57,0.826,0.9
Q0232,2000,1,35,25,10,28.57,0.826,0.9
Q0233,2000,1,35,25,10,28.57,0.826,0.9
Q0234,2000,1,35,25,10,28.57,0.826,0.9
Q0235,2000,1,35,25,10,28.57,0.826,0.9
Q0236,2000,1,35,25,10,28.57,0.826,0.9
Q0237,2000,1,35,25,10,28.57,0.826,0.9
Q0238,2000,1,35,25,10,28.57,0.826,0.9
Q0239,2000,1,35,25,10,28.57,0.826,0.9
Q0240,2000,1,35,25,10,28.57,0.826,0.9
Q0241,2000,2,24,20,4,16.67,0.9268,0.9
Q0242,2000,16,8,7,1,12.5,0.9492,0.9
Q0243,2000,8,12,10,2,16.67,0.9427,0.9
Q0244,2000,3,20,16,4,20.0,0.9169,0.9
Q0245,2000,4,17,14,3,17.65,0.9271,0.9
Q0246,2000,1,35,25,10,28.57,0.826,0.9
Q0247,2000,9,11,9,2,18.18,0.9153,0.9
Q0248,2000,50,4,4,0,0.0,0.98,0.9
Q0249,2000,13,9,8,1,11.11,0.961,0.9
Q0250,2000,10,11,9,2,18.18,0.9497,0.9
Q0251,2000,1,35,25,10,28.57,0.826,0.9
Q0252,2000,1,35,25,10,28.57,0.826,0.9
Q0253,2000,46,5,4,1,20.0,0.9603,0.9
Q0254,2000,50,4,4,0,0.0,0.98,0.9
Q0255,2000,50,4,4,0,0.0,0.98,0.9
Q0256,2000,50,4,4,0,0.0,0.98,0.9
Q0257,2000,16,8,7,1,12.5,0.9492,0.9
Q0258,2000,29,6,5,1,16.67,0.9421,0.9
Q0259,2000,1,35,25,10,28.57,0.826,0.9
Q0260,2000,1,35,25,10,28.57,0.826,0.9
Q0261,2000,1,35,25,10,28.57,0.826,0.9
Q0262,2000,1,35,25,10,28.57,0.826,0.9
Q0263,2000,1,35,25,10,28.57,0.826,0.9
Q0264,2000,1,35,25,10,28.57,0.826,0.9
Q0265,2000,1,35,25,10,28.57,0.826,0.9
Q0266,2000,8,12,10,2,16.67,0.9427,0.9
Q0267,2000,1,35,25,10,28.57,0.826,0.9
Q0268,2000,2,24,20,4,16.67,0.9268,0.9
Q0269,2000,1,35,25,10,28.57,0.826,0.9
Q0270,2000,1,35,25,10,28.57,0.826,0.9
Q0271,2000,2,24,20,4,16.67,0.9268,0.9
Q0272,2000,18,8,7,1,12.5,0.9789,0.9
Q0273,2000,1,35,25,10,28.57,0.826,0.9
Q0274,2000,11,10,8,2,20.0,0.9076,0.9
Q0275,2000,1,35,25,10,28.57,0.826,0.9
Q0276,2000,1,35,25,10,28.57,0.826,0.9
Q0277,2000,2,24,20,4,16.67,0.9268,0.9
Q0278,2000,25,7,6,1,14.29,0.987,0.9
Q0279,2000,5,15,12,3,20.0,0.9009,0.9
Q0280,2000,2,24,20,4,16.67,0.9268,0.9
Q0281,2000,2,24,20,4,16.67,0.9268,0.9
Q0282,2000,2,24,20,4,16.67,0.9268,0.9
Q0283,2000,15,9,7,2,22.22,0.9288,0.9
Q0284,2000,42,5,4,1,20.0,0.9329,0.9
Q0285,2000,26,6,5,1,16.67,0.9047,0.9
Q0286,2000,21,7,6,1,14.29,0.9452,0.9
Q0287,2000,22,7,6,1,14.29,0.9586,0.9
Q0288,2000,23,7,6,1,14.29,0.97,0.9
Q0289,2000,18,8,7,1,12.5,0.9789,0.9
Q0290,2000,50,4,4,0,0.0,0.98,0.9
Q0291,2000,41,5,4,1,20.0,0.9248,0.9
Q0292,2000,28,6,5,1,16.67,0.9308,0.9
Q0293,2000,30,6,5,1,16.67,0.9523,0.9
Q0294,2000,39,5,4,1,20.0,0.907,0.9
Q0295,2000,8,12,10,2,16.67,0.9427,0.9
Q0296,2000,22,7,6,1,14.29,0.9586,0.9
Q0297,2000,12,10,8,2,20.0,0.9375,0.9
Q0298,2000,16,8,7,1,12.5,0.9492,0.9
Q0299,2000,6,14,11,3,21.43,0.9067,0.9
Q0300,2000,8,12,10,2,16.67,0.9427,0.9
Q0301,2000,29,6,5,1,16.67,0.9421,0.9
Q0302,2000,28,6,5,1,16.67,0.9308,0.9
Q0303,2000,27,6,5,1,16.67,0.9183,0.9
Q0304,2000,24,7,6,1,14.29,0.9794,0.9
Q0305,2000,29,6,5,1,16.67,0.9421,0.9
Q0306,2000,4,17,14,3,17.65,0.9271,0.9
Q0307,2000,4,17,14,3,17.65,0.9271,0.9
Q0308,2000,5,15,12,3,20.0,0.9009,0.9
Q0309,2000,3,20,16,4,20.0,0.9169,0.9
Q0310,2000,50,4,4,0,0.0,0.98,0.9
Q0311,2000,50,4,4,0,0.0,0.98,0.9
Q0312,2000,50,4,4,0,0.0,0.98,0.9
Q0313,2000,50,4,4,0,0.0,0.98,0.9
Q0314,2000,50,4,4,0,0.0,0.98,0.9
Q0315,2000,50,4,4,0,0.0,0.98,0.9
Q0316,2000,43,5,4,1,20.0,0.9405,0.9
Q0317,2000,38,5,5,0,0.0,0.9975,0.9
Q0318,2000,40,5,4,1,20.0,0.9162,0.9
Q0319,2000,45,5,4,1,20.0,0.9542,0.9
Q0320,2000,42,5,4,1,20.0,0.9329,0.9
Q0321,2000,8,12,10,2,16.67,0.9427,0.9
Q0322,2000,12,10,8,2,20.0,0.9375,0.9
Q0323,2000,14,9,7,2,22.22,0.9044,0.9
Q0324,2000,1,35,25,10,28.57,0.826,0.9
Q0325,2000,1,35,25,10,28.57,0.826,0.9
Q0326,2000,1,35,25,10,28.57,0.826,0.9
Q0327,2000,1,35,25,10,28.57,0.826,0.9
Q0328,2000,1,35,25,10,28.57,0.826,0.9
Q0329,2000,2,24,20,4,16.67,0.9268,0.9
Q0330,2000,2,24,20,4,16.67,0.9268,0.9
Q0331,2000,2,24,20,4,16.67,0.9268,0.9
Q0332,2000,2,24,20,4,16.67,0.9268,0.9
Q0333,2000,2,24,20,4,16.67,0.9268,0.9
Q0334,2000,1,35,25,10,28.57,0.826,0.9
Q0335,2000,1,35,25,10,28.57,0.826,0.9
Q0336,2000,1,35,25,10,28.57,0.826,0.9
Q0337,2000,1,35,25,10,28.57,0.826,0.9
Q0338,2000,1,35,25,10,28.57,0.826,0.9
Q0339,2000,1,35,25,10,28.57,0.826,0.9
Q0340,2000,1,35,25,10,28.57,0.826,0.9
Q0341,2000,1,35,25,10,28.57,0.826,0.9
Q0342,2000,1,35,25,10,28.57,0.826,0.9
Q0343,2000,1,35,25,10,28.57,0.826,0.9
Q0344,2000,1,35,25,10,28.57,0.826,0.9
Q0345,2000,1,35,25,10,28.57,0.826,0.9
Q0346,2000,1,35,25,10,28.57,0.826,0.9
Q0347,2000,1,35,25,10,28.57,0.826,0.9
Q0348,2000,1,35,25,10,28.57,0.826,0.9
Q0349,2000,1,35,25,10,28.57,0.826,0.9
Q0350,2000,1,35,25,10,28.57,0.826,0.9
Q0351,2000,1,35,25,10,28.57,0.826,0.9
Q0352,2000,1,35,25,10,28.57,0.826,0.9
Q0353,2000,1,35,25,10,28.57,0.826,0.9
Q0354,2000,2,24,20,4,16.67,0.9268,0.9
Q0355,2000,2,24,20,4,16.67,0.9268,0.9
Q0356,2000,3,20,16,4,20.0,0.9169,0.9
Q0357,2000,3,20,16,4,20.0,0.9169,0.9
Q0358,2000,2,24,20,4,16.67,0.9268,0.9
Q0359,2000,1,35,25,10,28.57,0.826,0.9
Q0360,2000,1,35,25,10,28.57,0.826,0.9
Q0361,2000,1,35,25,10,28.57,0.826,0.9
Q0362,2000,1,35,25,10,28.57,0.826,0.9
Q0363,2000,1,35,25,10,28.57,0.826,0.9
Q0364,2000,1,35,25,10,28.57,0.826,0.9
Q0365,2000,1,35,25,10,28.57,0.826,0.9
Q0366,2000,1,35,25,10,28.57,0.826,0.9
Q0367,2000,1,35,25,10,28.57,0.826,0.9
Q0368,2000,1,35,25,10,28.57,0.826,0.9
Q0369,2000,1,35,25,10,28.57,0.826,0.9
Q0370,2000,1,35,25,10,28.57,0.826,0.9
Q0371,2000,1,35,25,10,28.57,0.826,0.9
Q0372,2000,1,35,25,10,28.57,0.826,0.9
Q0373,2000,1,35,25,10,28.57,0.826,0.9
Q0374,2000,1,35,25,10,28.57,0.826,0.9
Q0375,2000,1,35,25,10,28.57,0.826,0.9
Q0376,2000,1,35,25,10,28.57,0.826,0.9
Q0377,2000,1,35,25,10,28.57,0.826,0.9
Q0378,2000,1,35,25,10,28.57,0.826,0.9
Q0379,2000,2,24,20,4,16.67,0.9268,0.9
Q0380,2000,1,35,25,10,28.57,0.826,0.9
Q0381,2000,2,24,20,4,16.67,0.9268,0.9
Q0382,2000,2,24,20,4,16.67,0.9268,0.9
Q0383,2000,2,24,20,4,16.67,0.9268,0.9
Q0384,2000,1,35,25,10,28.57,0.826,0.9
Q0385,2000,1,35,25,10,28.57,0.826,0.9
Q0386,2000,1,35,25,10,28.57,0.826,0.9
Q0387,2000,1,35,25,10,28.57,0.826,0.9
Q0388,2000,1,35,25,10,28.57,0.826,0.9
Q0389,2000,1,35,25,10,28.57,0.826,0.9
Q0390,2000,1,35,25,10,28.57,0.826,0.9
Q0391,2000,1,35,25,10,28.57,0.826,0.9
Q0392,2000,1,35,25,10,28.57,0.826,0.9
Q0393,2000,1,35,25,10,28.57,0.826,0.9
Q0394,2000,1,35,25,10,28.57,0.826,0.9
Q0395,2000,1,35,25,10,28.57,0.826,0.9
Q0396,2000,1,35,25,10,28.57,0.826,0.9
Q0397,2000,1,35,25,10,28.57,0.826,0.9
Q0398,2000,1,35,25,10,28.57,0.826,0.9
Q0001,5000,50,7,6,1,14.29,0.9296,0.9
Q0002,5000,50,7,6,1,14.29,0.9296,0.9
Q0003,5000,50,7,6,1,14.29,0.9296,0.9
Q0004,5000,50,7,6,1,14.29,0.9296,0.9
Q0005,5000,33,9,8,1,11.11,0.965,0.9
Q0006,5000,40,8,7,1,12.5,0.9492,0.9
Q0007,5000,27,10,8,2,20.0,0.9008,0.9
Q0008,5000,33,9,8,1,11.11,0.965,0.9
Q0009,5000,27,10,8,2,20.0,0.9008,0.9
Q0010,5000,37,9,7,2,22.22,0.9242,0.9
Q0011,5000,22,11,9,2,18.18,0.9072,0.9
Q0012,5000,23,11,9,2,18.18,0.923,0.9
Q0013,5000,10,17,14,3,17.65,0.9271,0.9
Q0014,5000,16,13,11,2,15.38,0.9294,0.9
Q0015,5000,13,15,12,3,20.0,0.9152,0.9
Q0016,5000,12,16,13,3,18.75,0.94,0.9
Q0017,5000,11,16,13,3,18.75,0.9104,0.9
Q0018,5000,9,18,15,3,16.67,0.9363,0.9
Q0019,5000,20,12,10,2,16.67,0.9427,0.9
Q0020,5000,33,9,8,1,11.11,0.965,0.9
Q0021,5000,24,11,9,2,18.18,0.9372,0.9
Q0022,5000,19,12,10,2,16.67,0.926,0.9
Q0023,5000,8,19,16,3,15.79,0.9386,0.9
Q0024,5000,10,17,14,3,17.65,0.9271,0.9
Q0025,5000,9,18,15,3,16.67,0.9363,0.9
Q0026,5000,17,13,11,2,15.38,0.9485,0.9
Q0027,5000,10,17,14,3,17.65,0.9271,0.9
Q0028,5000,29,10,8,2,20.0,0.9263,0.9
Q0029,5000,5,24,20,4,16.67,0.9268,0.9
Q0030,5000,3,32,25,7,21.88,0.9002,0.9
Q0031,5000,50,7,6,1,14.29,0.9296,0.9
Q0032,5000,50,7,6,1,14.29,0.9296,0.9
Q0033,5000,50,7,6,1,14.29,0.9296,0.9
Q0034,5000,50,7,6,1,14.29,0.9296,0.9
Q0035,5000,37,9,7,2,22.22,0.9242,0.9
Q0036,5000,29,10,8,2,20.0,0.9263,0.9
Q0037,5000,32,9,8,1,11.11,0.9568,0.9
Q0038,5000,50,7,6,1,14.29,0.9296,0.9
Q0039,5000,42,8,7,1,12.5,0.9628,0.9
Q0040,5000,50,7,6,1,14.29,0.9296,0.9
Q0041,5000,18,13,10,3,23.08,0.9069,0.9
Q0042,5000,25,11,9,2,18.18,0.9497,0.9
Q0043,5000,13,15,12,3,20.0,0.9152,0.9
Q0044,5000,19,12,10,2,16.67,0.926,0.9
Q0045,5000,15,14,11,3,21.43,0.9067,0.9
Q0046,5000,16,13,11,2,15.38,0.9294,0.9
Q0047,5000,10,17,14,3,17.65,0.9271,0.9
Q0048,5000,14,14,12,2,14.29,0.9401,0.9
Q0049,5000,1,55,25,30,54.55,0.4361,0.9
Q0050,5000,4,27,22,5,18.52,0.9139,0.9
Q0051,5000,2,39,25,14,35.9,0.7261,0.9
Q0052,5000,2,39,25,14,35.9,0.7261,0.9
Q0053,5000,1,55,25,30,54.55,0.4361,0.9
Q0054,5000,1,55,25,30,54.55,0.4361,0.9
Q0055,5000,1,55,25,30,54.55,0.4361,0.9
Q0056,5000,1,55,25,30,54.55,0.4361,0.9
Q0057,5000,1,55,25,30,54.55,0.4361,0.9
Q0058,5000,1,55,25,30,54.55,0.4361,0.9
Q0059,5000,1,55,25,30,54.55,0.4361,0.9
Q0060,5000,1,55,25,30,54.55,0.4361,0.9
Q0061,5000,7,20,17,3,15.0,0.9335,0.9
Q0062,5000,17,13,11,2,15.38,0.9485,0.9
Q0063,5000,9,18,15,3,16.67,0.9363,0.9
Q0064,5000,8,19,16,3,15.79,0.9386,0.9
Q0065,5000,2,39,25,14,35.9,0.7261,0.9
Q0066,5000,2,39,25,14,35.9,0.7261,0.9
Q0067,5000,3,32,25,7,21.88,0.9002,0.9
Q0068,5000,16,13,11,2,15.38,0.9294,0.9
Q0069,5000,4,27,22,5,18.52,0.9139,0.9
Q0070,5000,4,27,22,5,18.52,0.9139,0.9
Q0071,5000,1,55,25,30,54.55,0.4361,0.9
Q0072,5000,1,55,25,30,54.55,0.4361,0.9
Q0073,5000,12,16,13,3,18.75,0.94,0.9
Q0074,5000,19,12,10,2,16.67,0.926,0.9
Q0075,5000,19,12,10,2,16.67,0.926,0.9
Q0076,5000,13,15,12,3,20.0,0.9152,0.9
Q0077,5000,7,20,17,3,15.0,0.9335,0.9
Q0078,5000,7,20,17,3,15.0,0.9335,0.9
Q0079,5000,4,27,22,5,18.52,0.9139,0.9
Q0080,5000,20,12,10,2,16.67,0.9427,0.9
Q0081,5000,11,16,13,3,18.75,0.9104,0.9
Q0082,5000,10,17,14,3,17.65,0.9271,0.9
Q0083,5000,2,39,25,14,35.9,0.7261,0.9
Q0084,5000,3,32,25,7,21.88,0.9002,0.9
Q0085,5000,7,20,17,3,15.0,0.9335,0.9
Q0086,5000,8,19,16,3,15.79,0.9386,0.9
Q0087,5000,6,22,18,4,18.18,0.9189,0.9
Q0088,5000,9,18,15,3,16.67,0.9363,0.9
Q0089,5000,4,27,22,5,18.52,0.9139,0.9
Q0090,5000,5,24,20,4,16.67,0.9268,0.9
Q0091,5000,5,24,20,4,16.67,0.9268,0.9
Q0092,5000,9,18,15,3,16.67,0.9363,0.9
Q0093,5000,8,19,16,3,15.79,0.9386,0.9
Q0094,5000,3,32,25,7,21.88,0.9002,0.9
Q0095,5000,4,27,22,5,18.52,0.9139,0.9
Q0096,5000,8,19,16,3,15.79,0.9386,0.9
Q0097,5000,3,32,25,7,21.88,0.9002,0.9
Q0098,5000,8,19,16,3,15.79,0.9386,0.9
Q0099,5000,11,16,13,3,18.75,0.9104,0.9
Q0100,5000,4,27,22,5,18.52,0.9139,0.9
Q0101,5000,2,39,25,14,35.9,0.7261,0.9
Q0102,5000,4,27,22,5,18.52,0.9139,0.9
Q0103,5000,22,11,9,2,18.18,0.9072,0.9
Q0104,5000,43,8,7,1,12.5,0.9687,0.9
Q0105,5000,34,9,8,1,11.11,0.9723,0.9
Q0106,5000,48,8,6,2,25.0,0.9155,0.9
Q0107,5000,15,14,11,3,21.43,0.9067,0.9
Q0108,5000,23,11,9,2,18.18,0.923,0.9
Q0109,5000,7,20,17,3,15.0,0.9335,0.9
Q0110,5000,11,16,13,3,18.75,0.9104,0.9
Q0111,5000,10,17,14,3,17.65,0.9271,0.9
Q0112,5000,10,17,14,3,17.65,0.9271,0.9
Q0113,5000,6,22,18,4,18.18,0.9189,0.9
Q0114,5000,4,27,22,5,18.52,0.9139,0.9
Q0115,5000,3,32,25,7,21.88,0.9002,0.9
Q0116,5000,10,17,14,3,17.65,0.9271,0.9
Q0117,5000,4,27,22,5,18.52,0.9139,0.9
Q0118,5000,11,16,13,3,18.75,0.9104,0.9
Q0119,5000,2,39,25,14,35.9,0.7261,0.9
Q0120,5000,3,32,25,7,21.88,0.9002,0.9
Q0121,5000,1,55,25,30,54.55,0.4361,0.9
Q0122,5000,29,10,8,2,20.0,0.9263,0.9
Q0123,5000,1,55,25,30,54.55,0.4361,0.9
Q0124,5000,13,15,12,3,20.0,0.9152,0.9
Q0125,5000,1,55,25,30,54.55,0.4361,0.9
Q0126,5000,1,55,25,30,54.55,0.4361,0.9
Q0127,5000,45,8,7,1,12.5,0.9789,0.9
Q0128,5000,50,7,6,1,14.29,0.9296,0.9
Q0129,5000,50,7,6,1,14.29,0.9296,0.9
Q0130,5000,50,7,6,1,14.29,0.9296,0.9
Q0131,5000,14,14,12,2,14.29,0.9401,0.9
Q0132,5000,16,13,11,2,15.38,0.9294,0.9
Q0133,5000,6,22,18,4,18.18,0.9189,0.9
Q0134,5000,33,9,8,1,11.11,0.965,0.9
Q0135,5000,13,15,12,3,20.0,0.9152,0.9
Q0136,5000,34,9,8,1,11.11,0.9723,0.9
Q0137,5000,4,27,22,5,18.52,0.9139,0.9
Q0138,5000,9,18,15,3,16.67,0.9363,0.9
Q0139,5000,4,27,22,5,18.52,0.9139,0.9
Q0140,5000,10,17,14,3,17.65,0.9271,0.9
Q0141,5000,6,22,18,4,18.18,0.9189,0.9
Q0142,5000,9,18,15,3,16.67,0.9363,0.9
Q0143,5000,3,32,25,7,21.88,0.9002,0.9
Q0144,5000,3,32,25,7,21.88,0.9002,0.9
Q0145,5000,16,13,11,2,15.38,0.9294,0.9
Q0146,5000,50,7,6,1,14.29,0.9296,0.9
Q0147,5000,32,9,8,1,11.11,0.9568,0.9
Q0148,5000,41,8,7,1,12.5,0.9563,0.9
Q0149,5000,8,19,16,3,15.79,0.9386,0.9
Q0150,5000,13,15,12,3,20.0,0.9152,0.9
Q0151,5000,1,55,25,30,54.55,0.4361,0.9
Q0152,5000,3,32,25,7,21.88,0.9002,0.9
Q0153,5000,4,27,22,5,18.52,0.9139,0.9
Q0154,5000,1,55,25,30,54.55,0.4361,0.9
Q0155,5000,3,32,25,7,21.88,0.9002,0.9
Q0156,5000,3,32,25,7,21.88,0.9002,0.9
Q0157,5000,5,24,20,4,16.67,0.9268,0.9
Q0158,5000,9,18,15,3,16.67,0.9363,0.9
Q0159,5000,7,20,17,3,15.0,0.9335,0.9
Q0160,5000,9,18,15,3,16.67,0.9363,0.9
Q0161,5000,2,39,25,14,35.9,0.7261,0.9
Q0162,5000,4,27,22,5,18.52,0.9139,0.9
Q0163,5000,6,22,18,4,18.18,0.9189,0.9
Q0164,5000,9,18,15,3,16.67,0.9363,0.9
Q0165,5000,6,22,18,4,18.18,0.9189,0.9
Q0166,5000,6,22,18,4,18.18,0.9189,0.9
Q0167,5000,3,32,25,7,21.88,0.9002,0.9
Q0168,5000,4,27,22,5,18.52,0.9139,0.9
Q0169,5000,16,13,11,2,15.38,0.9294,0.9
Q0170,5000,50,7,6,1,14.29,0.9296,0.9
Q0171,5000,31,9,8,1,11.11,0.9477,0.9
Q0172,5000,7,20,17,3,15.0,0.9335,0.9
Q0173,5000,10,17,14,3,17.65,0.9271,0.9
Q0174,5000,14,14,12,2,14.29,0.9401,0.9
Q0175,5000,16,13,11,2,15.38,0.9294,0.9
Q0176,5000,50,7,6,1,14.29,0.9296,0.9
Q0177,5000,43,8,7,1,12.5,0.9687,0.9
Q0178,5000,50,7,6,1,14.29,0.9296,0.9
Q0179,5000,11,16,13,3,18.75,0.9104,0.9
Q0180,5000,22,11,9,2,18.18,0.9072,0.9
Q0181,5000,50,7,6,1,14.29,0.9296,0.9
Q0182,5000,50,7,6,1,14.29,0.9296,0.9
Q0183,5000,50,7,6,1,14.29,0.9296,0.9
Q0184,5000,50,7,6,1,14.29,0.9296,0.9
Q0185,5000,50,7,6,1,14.29,0.9296,0.9
Q0186,5000,47,8,6,2,25.0,0.9079,0.9
Q0187,5000,42,8,7,1,12.5,0.9628,0.9
Q0188,5000,50,7,6,1,14.29,0.9296,0.9
Q0189,5000,50,7,6,1,14.29,0.9296,0.9
Q0190,5000,50,7,6,1,14.29,0.9296,0.9
Q0191,5000,29,10,8,2,20.0,0.9263,0.9
Q0192,5000,27,10,8,2,20.0,0.9008,0.9
Q0193,5000,10,17,14,3,17.65,0.9271,0.9
Q0194,5000,34,9,8,1,11.11,0.9723,0.9
Q0195,5000,7,20,17,3,15.0,0.9335,0.9
Q0196,5000,14,14,12,2,14.29,0.9401,0.9
Q0197,5000,1,55,25,30,54.55,0.4361,0.9
Q0198,5000,2,39,25,14,35.9,0.7261,0.9
Q0199,5000,1,55,25,30,54.55,0.4361,0.9
Q0200,5000,3,32,25,7,21.88,0.9002,0.9
Q0201,5000,1,55,25,30,54.55,0.4361,0.9
Q0202,5000,3,32,25,7,21.88,0.9002,0.9
Q0203,5000,1,55,25,30,54.55,0.4361,0.9
Q0204,5000,1,55,25,30,54.55,0.4361,0.9
Q0205,5000,1,55,25,30,54.55,0.4361,0.9
Q0206,5000,1,55,25,30,54.55,0.4361,0.9
Q0207,5000,1,55,25,30,54.55,0.4361,0.9
Q0208,5000,2,39,25,14,35.9,0.7261,0.9
Q0209,5000,1,55,25,30,54.55,0.4361,0.9
Q0210,5000,1,55,25,30,54.55,0.4361,0.9
Q0211,5000,1,55,25,30,54.55,0.4361,0.9
Q0212,5000,1,55,25,30,54.55,0.4361,0.9
Q0213,5000,1,55,25,30,54.55,0.4361,0.9
Q0214,5000,2,39,25,14,35.9,0.7261,0.9
Q0215,5000,1,55,25,30,54.55,0.4361,0.9
Q0216,5000,1,55,25,30,54.55,0.4361,0.9
Q0217,5000,1,55,25,30,54.55,0.4361,0.9
Q0218,5000,5,24,20,4,16.67,0.9268,0.9
Q0219,5000,3,32,25,7,21.88,0.9002,0.9
Q0220,5000,3,32,25,7,21.88,0.9002,0.9
Q0221,5000,1,55,25,30,54.55,0.4361,0.9
Q0222,5000,1,55,25,30,54.55,0.4361,0.9
Q0223,5000,1,55,25,30,54.55,0.4361,0.9
Q0224,5000,2,39,25,14,35.9,0.7261,0.9
Q0225,5000,1,55,25,30,54.55,0.4361,0.9
Q0226,5000,2,39,25,14,35.9,0.7261,0.9
Q0227,5000,1,55,25,30,54.55,0.4361,0.9
Q0228,5000,1,55,25,30,54.55,0.4361,0.9
Q0229,5000,1,55,25,30,54.55,0.4361,0.9
Q0230,5000,1,55,25,30,54.55,0.4361,0.9
Q0231,5000,1,55,25,30,54.55,0.4361,0.9
Q0232,5000,1,55,25,30,54.55,0.4361,0.9
Q0233,5000,1,55,25,30,54.55,0.4361,0.9
Q0234,5000,1,55,25,30,54.55,0.4361,0.9
Q0235,5000,1,55,25,30,54.55,0.4361,0.9
Q0236,5000,1,55,25,30,54.55,0.4361,0.9
Q0237,5000,1,55,25,30,54.55,0.4361,0.9
Q0238,5000,1,55,25,30,54.55,0.4361,0.9
Q0239,5000,1,55,25,30,54.55,0.4361,0.9
Q0240,5000,1,55,25,30,54.55,0.4361,0.9
Q0241,5000,2,39,25,14,35.9,0.7261,0.9
Q0242,5000,16,13,11,2,15.38,0.9294,0.9
Q0243,5000,8,19,16,3,15.79,0.9386,0.9
Q0244,5000,3,32,25,7,21.88,0.9002,0.9
Q0245,5000,4,27,22,5,18.52,0.9139,0.9
Q0246,5000,1,55,25,30,54.55,0.4361,0.9
Q0247,5000,9,18,15,3,16.67,0.9363,0.9
Q0248,5000,50,7,6,1,14.29,0.9296,0.9
Q0249,5000,13,15,12,3,20.0,0.9152,0.9
Q0250,5000,10,17,14,3,17.65,0.9271,0.9
Q0251,5000,1,55,25,30,54.55,0.4361,0.9
Q0252,5000,1,55,25,30,54.55,0.4361,0.9
Q0253,5000,46,8,7,1,12.5,0.9832,0.9
Q0254,5000,50,7,6,1,14.29,0.9296,0.9
Q0255,5000,50,7,6,1,14.29,0.9296,0.9
Q0256,5000,50,7,6,1,14.29,0.9296,0.9
Q0257,5000,16,13,11,2,15.38,0.9294,0.9
Q0258,5000,29,10,8,2,20.0,0.9263,0.9
Q0259,5000,1,55,25,30,54.55,0.4361,0.9
Q0260,5000,1,55,25,30,54.55,0.4361,0.9
Q0261,5000,1,55,25,30,54.55,0.4361,0.9
Q0262,5000,1,55,25,30,54.55,0.4361,0.9
Q0263,5000,1,55,25,30,54.55,0.4361,0.9
Q0264,5000,1,55,25,30,54.55,0.4361,0.9
Q0265,5000,1,55,25,30,54.55,0.4361,0.9
Q0266,5000,8,19,16,3,15.79,0.9386,0.9
Q0267,5000,1,55,25,30,54.55,0.4361,0.9
Q0268,5000,2,39,25,14,35.9,0.7261,0.9
Q0269,5000,1,55,25,30,54.55,0.4361,0.9
Q0270,5000,1,55,25,30,54.55,0.4361,0.9
Q0271,5000,2,39,25,14,35.9,0.7261,0.9
Q0272,5000,18,13,10,3,23.08,0.9069,0.9
Q0273,5000,1,55,25,30,54.55,0.4361,0.9
Q0274,5000,11,16,13,3,18.75,0.9104,0.9
Q0275,5000,1,55,25,30,54.55,0.4361,0.9
Q0276,5000,1,55,25,30,54.55,0.4361,0.9
Q0277,5000,2,39,25,14,35.9,0.7261,0.9
Q0278,5000,25,11,9,2,18.18,0.9497,0.9
Q0279,5000,5,24,20,4,16.67,0.9268,0.9
Q0280,5000,2,39,25,14,35.9,0.7261,0.9
Q0281,5000,2,39,25,14,35.9,0.7261,0.9
Q0282,5000,2,39,25,14,35.9,0.7261,0.9
Q0283,5000,15,14,11,3,21.43,0.9067,0.9
Q0284,5000,42,8,7,1,12.5,0.9628,0.9
Q0285,5000,26,10,9,1,10.0,0.9607,0.9
Q0286,5000,21,12,10,2,16.67,0.957,0.9
Q0287,5000,22,11,9,2,18.18,0.9072,0.9
Q0288,5000,23,11,9,2,18.18,0.923,0.9
Q0289,5000,18,13,10,3,23.08,0.9069,0.9
Q0290,5000,50,7,6,1,14.29,0.9296,0.9
Q0291,5000,41,8,7,1,12.5,0.9563,0.9
Q0292,5000,28,10,8,2,20.0,0.9141,0.9
Q0293,5000,30,10,8,2,20.0,0.9375,0.9
Q0294,5000,39,8,7,1,12.5,0.9415,0.9
Q0295,5000,8,19,16,3,15.79,0.9386,0.9
Q0296,5000,22,11,9,2,18.18,0.9072,0.9
Q0297,5000,12,16,13,3,18.75,0.94,0.9
Q0298,5000,16,13,11,2,15.38,0.9294,0.9
Q0299,5000,6,22,18,4,18.18,0.9189,0.9
Q0300,5000,8,19,16,3,15.79,0.9386,0.9
Q0301,5000,29,10,8,2,20.0,0.9263,0.9
Q0302,5000,28,10,8,2,20.0,0.9141,0.9
Q0303,5000,27,10,8,2,20.0,0.9008,0.9
Q0304,5000,24,11,9,2,18.18,0.9372,0.9
Q0305,5000,29,10,8,2,20.0,0.9263,0.9
Q0306,5000,4,27,22,5,18.52,0.9139,0.9
Q0307,5000,4,27,22,5,18.52,0.9139,0.9
Q0308,5000,5,24,20,4,16.67,0.9268,0.9
Q0309,5000,3,32,25,7,21.88,0.9002,0.9
Q0310,5000,50,7,6,1,14.29,0.9296,0.9
Q0311,5000,50,7,6,1,14.29,0.9296,0.9
Q0312,5000,50,7,6,1,14.29,0.9296,0.9
Q0313,5000,50,7,6,1,14.29,0.9296,0.9
Q0314,5000,50,7,6,1,14.29,0.9296,0.9
Q0315,5000,50,7,6,1,14.29,0.9296,0.9
Q0316,5000,43,8,7,1,12.5,0.9687,0.9
Q0317,5000,38,9,7,2,22.22,0.9332,0.9
Q0318,5000,40,8,7,1,12.5,0.9492,0.9
Q0319,5000,45,8,7,1,12.5,0.9789,0.9
Q0320,5000,42,8,7,1,12.5,0.9628,0.9
Q0321,5000,8,19,16,3,15.79,0.9386,0.9
Q0322,5000,12,16,13,3,18.75,0.94,0.9
Q0323,5000,14,14,12,2,14.29,0.9401,0.9
Q0324,5000,1,55,25,30,54.55,0.4361,0.9
Q0325,5000,1,55,25,30,54.55,0.4361,0.9
Q0326,5000,1,55,25,30,54.55,0.4361,0.9
Q0327,5000,1,55,25,30,54.55,0.4361,0.9
Q0328,5000,1,55,25,30,54.55,0.4361,0.9
Q0329,5000,2,39,25,14,35.9,0.7261,0.9
Q0330,5000,2,39,25,14,35.9,0.7261,0.9
Q0331,5000,2,39,25,14,35.9,0.7261,0.9
Q0332,5000,2,39,25,14,35.9,0.7261,0.9
Q0333,5000,2,39,25,14,35.9,0.7261,0.9
Q0334,5000,1,55,25,30,54.55,0.4361,0.9
Q0335,5000,1,55,25,30,54.55,0.4361,0.9
Q0336,5000,1,55,25,30,54.55,0.4361,0.9
Q0337,5000,1,55,25,30,54.55,0.4361,0.9
Q0338,5000,1,55,25,30,54.55,0.4361,0.9
Q0339,5000,1,55,25,30,54.55,0.4361,0.9
Q0340,5000,1,55,25,30,54.55,0.4361,0.9
Q0341,5000,1,55,25,30,54.55,0.4361,0.9
Q0342,5000,1,55,25,30,54.55,0.4361,0.9
Q0343,5000,1,55,25,30,54.55,0.4361,0.9
Q0344,5000,1,55,25,30,54.55,0.4361,0.9
Q0345,5000,1,55,25,30,54.55,0.4361,0.9
Q0346,5000,1,55,25,30,54.55,0.4361,0.9
Q0347,5000,1,55,25,30,54.55,0.4361,0.9
Q0348,5000,1,55,25,30,54.55,0.4361,0.9
Q0349,5000,1,55,25,30,54.55,0.4361,0.9
Q0350,5000,1,55,25,30,54.55,0.4361,0.9
Q0351,5000,1,55,25,30,54.55,0.4361,0.9
Q0352,5000,1,55,25,30,54.55,0.4361,0.9
Q0353,5000,1,55,25,30,54.55,0.4361,0.9
Q0354,5000,2,39,25,14,35.9,0.7261,0.9
Q0355,5000,2,39,25,14,35.9,0.7261,0.9
Q0356,5000,3,32,25,7,21.88,0.9002,0.9
Q0357,5000,3,32,25,7,21.88,0.9002,0.9
Q0358,5000,2,39,25,14,35.9,0.7261,0.9
Q0359,5000,1,55,25,30,54.55,0.4361,0.9
Q0360,5000,1,55,25,30,54.55,0.4361,0.9
Q0361,5000,1,55,25,30,54.55,0.4361,0.9
Q0362,5000,1,55,25,30,54.55,0.4361,0.9
Q0363,5000,1,55,25,30,54.55,0.4361,0.9
Q0364,5000,1,55,25,30,54.55,0.4361,0.9
Q0365,5000,1,55,25,30,54.55,0.4361,0.9
Q0366,5000,1,55,25,30,54.55,0.4361,0.9
Q0367,5000,1,55,25,30,54.55,0.4361,0.9
Q0368,5000,1,55,25,30,54.55,0.4361,0.9
Q0369,5000,1,55,25,30,54.55,0.4361,0.9
Q0370,5000,1,55,25,30,54.55,0.4361,0.9
Q0371,5000,1,55,25,30,54.55,0.4361,0.9
Q0372,5000,1,55,25,30,54.55,0.4361,0.9
Q0373,5000,1,55,25,30,54.55,0.4361,0.9
Q0374,5000,1,55,25,30,54.55,0.4361,0.9
Q0375,5000,1,55,25,30,54.55,0.4361,0.9
Q0376,5000,1,55,25,30,54.55,0.4361,0.9
Q0377,5000,1,55,25,30,54.55,0.4361,0.9
Q0378,5000,1,55,25,30,54.55,0.4361,0.9
Q0379,5000,2,39,25,14,35.9,0.7261,0.9
Q0380,5000,1,55,25,30,54.55,0.4361,0.9
Q0381,5000,2,39,25,14,35.9,0.7261,0.9
Q0382,5000,2,39,25,14,35.9,0.7261,0.9
Q0383,5000,2,39,25,14,35.9,0.7261,0.9
Q0384,5000,1,55,25,30,54.55,0.4361,0.9
Q0385,5000,1,55,25,30,54.55,0.4361,0.9
Q0386,5000,1,55,25,30,54.55,0.4361,0.9
Q0387,5000,1,55,25,30,54.55,0.4361,0.9
Q0388,5000,1,55,25,30,54.55,0.4361,0.9
Q0389,5000,1,55,25,30,54.55,0.4361,0.9
Q0390,5000,1,55,25,30,54.55,0.4361,0.9
Q0391,5000,1,55,25,30,54.55,0.4361,0.9
Q0392,5000,1,55,25,30,54.55,0.4361,0.9
Q0393,5000,1,55,25,30,54.55,0.4361,0.9
Q0394,5000,1,55,25,30,54.55,0.4361,0.9
Q0395,5000,1,55,25,30,54.55,0.4361,0.9
Q0396,5000,1,55,25,30,54.55,0.4361,0.9
Q0397,5000,1,55,25,30,54.55,0.4361,0.9
Q0398,5000,1,55,25,30,54.55,0.4361,0.9
